crop,uptake_N_per_t,uptake_P2O5_per_t,uptake_K2O_per_t,default_target_yield_t_ha,season,water_need,cap_N_kg_ha,cap_P2O5_kg_ha,cap_K2O_kg_ha,legume,min_N_kg_ha,min_P2O5_kg_ha,min_K2O_kg_ha,fert_use_efficiency_N,fert_use_efficiency_P2O5,fert_use_efficiency_K2O,soil_supply_efficiency_N,soil_supply_efficiency_P2O5,soil_supply_efficiency_K2O,notes
Rice,20.0,8.0,25.0,5.0,Kharif,high,150,70,70,0,30.0,14.0,14.0,0.35,0.2,0.6,0.3,0.5,0.6,SYNTHETIC assumption; verify with ICAR/state university
Wheat,25.0,9.0,22.0,4.5,Rabi,medium,150,70,60,0,30.0,14.0,12.0,0.45,0.2,0.6,0.3,0.5,0.6,SYNTHETIC assumption; verify with ICAR/state university
Maize,22.0,9.0,22.0,6.0,Kharif,medium,180,80,70,0,36.0,16.0,14.0,0.45,0.2,0.6,0.3,0.5,0.6,SYNTHETIC assumption; verify with ICAR/state university
Sorghum,25.0,9.0,25.0,3.0,Kharif,low,100,50,40,0,20.0,10.0,8.0,0.45,0.2,0.6,0.3,0.5,0.6,SYNTHETIC assumption; verify with ICAR/state university
Pearl millet,28.0,10.0,28.0,2.5,Kharif,low,90,45,40,0,18.0,9.0,8.0,0.45,0.2,0.6,0.3,0.5,0.6,SYNTHETIC assumption; verify with ICAR/state university
Cotton,60.0,20.0,45.0,2.0,Kharif,medium,150,70,70,0,30.0,14.0,14.0,0.45,0.2,0.6,0.3,0.5,0.6,SYNTHETIC assumption; verify with ICAR/state university
Sugarcane,1.0,0.4,1.3,80.0,Annual,high,280,100,120,0,56.0,20.0,24.0,0.45,0.2,0.6,0.3,0.5,0.6,SYNTHETIC assumption; verify with ICAR/state university
Groundnut,45.0,12.0,25.0,2.0,Kharif,low,30,60,50,1,6.0,12.0,10.0,0.45,0.2,0.6,0.3,0.5,0.6,SYNTHETIC assumption; verify with ICAR/state university
Soybean,75.0,15.0,35.0,2.5,Kharif,medium,30,70,50,1,6.0,14.0,10.0,0.45,0.2,0.6,0.3,0.5,0.6,SYNTHETIC assumption; verify with ICAR/state university
Chickpea,60.0,12.0,25.0,1.8,Rabi,low,25,60,40,1,5.0,12.0,8.0,0.45,0.2,0.6,0.3,0.5,0.6,SYNTHETIC assumption; verify with ICAR/state university
Pigeon pea,55.0,12.0,25.0,1.5,Kharif,low,25,50,40,1,5.0,10.0,8.0,0.45,0.2,0.6,0.3,0.5,0.6,SYNTHETIC assumption; verify with ICAR/state university
Lentil,50.0,11.0,22.0,1.2,Rabi,low,25,45,30,1,5.0,9.0,6.0,0.45,0.2,0.6,0.3,0.5,0.6,SYNTHETIC assumption; verify with ICAR/state university
Mustard,55.0,18.0,40.0,1.6,Rabi,low,100,50,40,0,20.0,10.0,8.0,0.45,0.2,0.6,0.3,0.5,0.6,SYNTHETIC assumption; verify with ICAR/state university
Sunflower,50.0,18.0,40.0,2.0,Rabi,medium,100,60,50,0,20.0,12.0,10.0,0.45,0.2,0.6,0.3,0.5,0.6,SYNTHETIC assumption; verify with ICAR/state university
Potato,5.0,2.0,9.0,25.0,Rabi,medium,180,100,150,0,36.0,20.0,30.0,0.45,0.2,0.6,0.3,0.5,0.6,SYNTHETIC assumption; verify with ICAR/state university
Tomato,3.0,1.0,5.0,40.0,Rabi,medium,150,90,120,0,30.0,18.0,24.0,0.45,0.2,0.6,0.3,0.5,0.6,SYNTHETIC assumption; verify with ICAR/state university
Onion,3.0,1.2,4.0,30.0,Rabi,medium,120,60,90,0,24.0,12.0,18.0,0.45,0.2,0.6,0.3,0.5,0.6,SYNTHETIC assumption; verify with ICAR/state university
Banana,4.0,1.0,9.0,40.0,Annual,high,200,60,250,0,40.0,12.0,50.0,0.45,0.2,0.6,0.3,0.5,0.6,SYNTHETIC assumption; verify with ICAR/state university
Chilli,30.0,10.0,30.0,2.5,Kharif,medium,120,60,60,0,24.0,12.0,12.0,0.45,0.2,0.6,0.3,0.5,0.6,SYNTHETIC assumption; verify with ICAR/state university
Turmeric,10.0,3.0,14.0,20.0,Kharif,high,120,60,120,0,24.0,12.0,24.0,0.45,0.2,0.6,0.3,0.5,0.6,SYNTHETIC assumption; verify with ICAR/state university
Ragi,30.0,9.0,30.0,2.5,Kharif,low,80,40,40,0,16.0,8.0,8.0,0.45,0.2,0.6,0.3,0.5,0.6,SYNTHETIC assumption; verify with ICAR/state university
Green gram,50.0,12.0,25.0,1.0,Kharif,low,25,50,30,1,5.0,10.0,6.0,0.45,0.2,0.6,0.3,0.5,0.6,SYNTHETIC assumption; verify with ICAR/state university
