district_id,district,year,month,rain_mm,mean_temp_c,humidity_pct,solar_mj_m2_day
1,Thanjavur,2015,1,22.3,21.74,88.9,21.4
1,Thanjavur,2015,2,18.9,24.82,61.7,23.9
1,Thanjavur,2015,3,30.1,28.87,55.2,18.3
1,Thanjavur,2015,4,33.9,31.46,79.1,15.3
1,Thanjavur,2015,5,83.8,33.35,53.8,17.0
1,Thanjavur,2015,6,157.5,34.84,78.5,24.5
1,Thanjavur,2015,7,164.4,34.19,53.5,11.9
1,Thanjavur,2015,8,147.1,32.02,64.7,22.5
1,Thanjavur,2015,9,122.8,27.97,81.2,15.8
1,Thanjavur,2015,10,102.7,25.68,54.0,10.1
1,Thanjavur,2015,11,51.9,22.14,80.1,16.9
1,Thanjavur,2015,12,17.9,23.7,75.1,17.1
1,Thanjavur,2016,1,15.0,23.45,69.9,18.4
1,Thanjavur,2016,2,22.5,25.15,54.7,16.1
1,Thanjavur,2016,3,24.2,27.78,57.7,14.4
1,Thanjavur,2016,4,44.2,31.65,74.9,16.1
1,Thanjavur,2016,5,74.7,33.43,49.1,20.8
1,Thanjavur,2016,6,160.7,34.53,51.9,20.4
1,Thanjavur,2016,7,198.3,33.38,73.4,15.4
1,Thanjavur,2016,8,132.9,30.72,85.9,20.5
1,Thanjavur,2016,9,140.2,28.23,77.3,16.7
1,Thanjavur,2016,10,96.1,25.25,65.5,13.0
1,Thanjavur,2016,11,53.1,22.85,83.5,21.4
1,Thanjavur,2016,12,18.2,22.54,71.3,19.7
1,Thanjavur,2017,1,16.8,23.52,67.2,14.9
1,Thanjavur,2017,2,21.0,24.59,52.7,23.9
1,Thanjavur,2017,3,28.0,29.05,46.0,24.4
1,Thanjavur,2017,4,33.7,32.21,66.9,17.4
1,Thanjavur,2017,5,74.3,32.03,57.0,15.0
1,Thanjavur,2017,6,139.5,34.43,82.2,23.4
1,Thanjavur,2017,7,174.5,32.4,75.3,14.2
1,Thanjavur,2017,8,176.6,31.64,49.8,23.7
1,Thanjavur,2017,9,122.8,27.96,61.7,22.4
1,Thanjavur,2017,10,113.2,26.28,58.1,17.7
1,Thanjavur,2017,11,49.4,23.7,47.0,16.5
1,Thanjavur,2017,12,16.1,23.8,85.1,23.4
1,Thanjavur,2018,1,20.8,23.54,74.8,15.6
1,Thanjavur,2018,2,21.3,25.71,87.2,13.6
1,Thanjavur,2018,3,38.4,28.42,53.1,19.0
1,Thanjavur,2018,4,33.2,32.07,88.7,17.5
1,Thanjavur,2018,5,67.9,34.88,50.9,20.2
1,Thanjavur,2018,6,105.8,33.88,71.2,13.0
1,Thanjavur,2018,7,169.8,32.69,50.9,11.9
1,Thanjavur,2018,8,182.7,31.3,67.0,19.9
1,Thanjavur,2018,9,183.3,28.0,46.1,18.3
1,Thanjavur,2018,10,102.3,25.63,63.9,24.5
1,Thanjavur,2018,11,66.1,23.13,66.0,21.8
1,Thanjavur,2018,12,20.9,21.98,80.9,13.5
1,Thanjavur,2019,1,19.4,22.96,61.8,16.4
1,Thanjavur,2019,2,19.6,24.4,56.2,13.5
1,Thanjavur,2019,3,25.0,30.9,48.0,18.9
1,Thanjavur,2019,4,42.1,30.79,51.5,23.8
1,Thanjavur,2019,5,74.7,33.67,50.2,10.3
1,Thanjavur,2019,6,143.2,34.13,71.6,20.2
1,Thanjavur,2019,7,183.8,33.82,84.4,22.8
1,Thanjavur,2019,8,178.1,33.83,56.2,18.6
1,Thanjavur,2019,9,158.8,27.69,82.5,10.8
1,Thanjavur,2019,10,107.4,26.32,85.6,24.7
1,Thanjavur,2019,11,46.2,23.42,80.1,12.0
1,Thanjavur,2019,12,19.1,23.76,65.8,15.8
1,Thanjavur,2020,1,20.5,23.1,66.5,16.3
1,Thanjavur,2020,2,25.9,26.29,59.7,15.7
1,Thanjavur,2020,3,25.2,29.64,86.2,17.2
1,Thanjavur,2020,4,47.8,32.99,74.4,22.1
1,Thanjavur,2020,5,66.6,33.24,78.1,13.0
1,Thanjavur,2020,6,169.0,34.65,72.6,11.4
1,Thanjavur,2020,7,236.7,32.54,51.2,24.4
1,Thanjavur,2020,8,156.0,32.11,80.8,24.2
1,Thanjavur,2020,9,150.4,28.06,72.7,12.6
1,Thanjavur,2020,10,119.2,23.76,68.5,21.5
1,Thanjavur,2020,11,53.2,21.75,86.9,11.8
1,Thanjavur,2020,12,15.4,22.89,63.8,21.6
1,Thanjavur,2021,1,22.7,23.61,79.3,14.1
1,Thanjavur,2021,2,17.4,25.5,51.7,24.0
1,Thanjavur,2021,3,25.2,29.8,69.9,24.0
1,Thanjavur,2021,4,41.3,31.63,89.4,20.8
1,Thanjavur,2021,5,79.7,35.68,73.7,11.8
1,Thanjavur,2021,6,191.3,34.7,65.4,22.4
1,Thanjavur,2021,7,146.4,33.18,58.6,23.8
1,Thanjavur,2021,8,177.4,29.77,84.6,14.3
1,Thanjavur,2021,9,161.0,28.73,49.1,23.5
1,Thanjavur,2021,10,108.5,25.47,80.0,13.0
1,Thanjavur,2021,11,46.9,23.21,45.2,10.8
1,Thanjavur,2021,12,14.3,21.43,83.2,10.9
1,Thanjavur,2022,1,22.5,23.6,76.4,22.6
1,Thanjavur,2022,2,19.8,25.56,78.5,19.5
1,Thanjavur,2022,3,26.2,27.45,53.7,14.1
1,Thanjavur,2022,4,45.3,30.53,47.5,19.2
1,Thanjavur,2022,5,75.4,32.37,52.8,11.4
1,Thanjavur,2022,6,137.7,34.11,80.3,19.5
1,Thanjavur,2022,7,189.6,34.89,58.6,18.7
1,Thanjavur,2022,8,200.5,32.53,51.7,17.6
1,Thanjavur,2022,9,158.5,30.3,51.0,14.2
1,Thanjavur,2022,10,118.1,25.9,73.6,16.2
1,Thanjavur,2022,11,43.7,21.78,59.3,10.5
1,Thanjavur,2022,12,19.1,23.52,70.8,18.5
1,Thanjavur,2023,1,18.8,23.61,59.2,21.8
1,Thanjavur,2023,2,23.6,25.66,61.2,17.7
1,Thanjavur,2023,3,37.4,29.12,67.7,17.8
1,Thanjavur,2023,4,35.3,30.98,67.2,11.7
1,Thanjavur,2023,5,77.8,34.15,57.6,15.0
1,Thanjavur,2023,6,143.0,33.19,45.7,22.4
1,Thanjavur,2023,7,140.8,34.57,72.0,11.8
1,Thanjavur,2023,8,102.0,33.59,79.7,14.7
1,Thanjavur,2023,9,161.6,28.42,73.8,10.2
1,Thanjavur,2023,10,113.2,26.19,52.5,22.5
1,Thanjavur,2023,11,64.2,22.75,89.6,12.1
1,Thanjavur,2023,12,24.8,23.82,79.0,16.5
1,Thanjavur,2024,1,25.5,22.73,85.8,10.7
1,Thanjavur,2024,2,15.5,25.25,71.4,17.4
1,Thanjavur,2024,3,26.5,28.02,73.7,19.7
1,Thanjavur,2024,4,38.5,31.84,61.5,18.1
1,Thanjavur,2024,5,77.8,34.32,79.6,22.8
1,Thanjavur,2024,6,148.3,34.07,83.3,15.1
1,Thanjavur,2024,7,156.2,34.14,73.4,12.7
1,Thanjavur,2024,8,196.0,31.55,86.7,16.7
1,Thanjavur,2024,9,154.9,28.62,57.5,20.5
1,Thanjavur,2024,10,103.3,26.75,66.5,21.4
1,Thanjavur,2024,11,53.1,22.56,80.2,23.0
1,Thanjavur,2024,12,22.4,21.74,69.9,19.8
2,Coimbatore,2015,1,13.4,19.48,46.8,21.7
2,Coimbatore,2015,2,11.9,23.19,89.0,16.2
2,Coimbatore,2015,3,17.6,25.5,81.1,23.9
2,Coimbatore,2015,4,29.0,27.65,47.2,11.6
2,Coimbatore,2015,5,46.8,31.55,83.9,21.1
2,Coimbatore,2015,6,108.1,31.51,73.0,22.9
2,Coimbatore,2015,7,116.6,30.7,46.3,16.0
2,Coimbatore,2015,8,102.6,28.17,83.4,15.2
2,Coimbatore,2015,9,141.3,24.45,62.9,14.1
2,Coimbatore,2015,10,62.5,23.46,60.4,20.8
2,Coimbatore,2015,11,35.9,20.94,63.4,12.1
2,Coimbatore,2015,12,14.2,18.98,71.8,15.9
2,Coimbatore,2016,1,11.9,20.68,61.4,11.0
2,Coimbatore,2016,2,13.8,22.32,73.6,15.1
2,Coimbatore,2016,3,18.0,26.0,69.3,14.3
2,Coimbatore,2016,4,24.9,27.73,85.9,17.9
2,Coimbatore,2016,5,28.5,31.43,58.5,13.6
2,Coimbatore,2016,6,107.9,33.92,70.3,21.9
2,Coimbatore,2016,7,110.7,31.71,89.8,20.1
2,Coimbatore,2016,8,100.1,29.65,49.6,19.8
2,Coimbatore,2016,9,88.5,25.82,46.6,24.4
2,Coimbatore,2016,10,55.2,21.16,47.9,16.8
2,Coimbatore,2016,11,30.6,20.63,50.0,15.8
2,Coimbatore,2016,12,14.9,19.29,58.6,15.9
2,Coimbatore,2017,1,13.7,21.4,83.8,10.0
2,Coimbatore,2017,2,12.0,21.78,64.4,21.7
2,Coimbatore,2017,3,15.7,26.94,55.9,17.2
2,Coimbatore,2017,4,21.3,29.26,86.9,10.7
2,Coimbatore,2017,5,36.1,31.28,47.1,12.1
2,Coimbatore,2017,6,97.0,32.66,46.4,11.7
2,Coimbatore,2017,7,76.2,32.18,71.6,22.7
2,Coimbatore,2017,8,106.9,30.47,52.3,21.6
2,Coimbatore,2017,9,80.3,25.8,65.5,19.1
2,Coimbatore,2017,10,81.1,22.3,59.3,22.0
2,Coimbatore,2017,11,33.2,21.35,59.3,11.2
2,Coimbatore,2017,12,13.1,20.1,52.4,20.9
2,Coimbatore,2018,1,15.7,21.94,85.1,18.9
2,Coimbatore,2018,2,12.1,22.18,52.8,17.6
2,Coimbatore,2018,3,14.7,25.99,89.7,18.8
2,Coimbatore,2018,4,24.3,29.09,69.1,19.3
2,Coimbatore,2018,5,41.4,30.25,58.3,20.0
2,Coimbatore,2018,6,67.5,32.85,55.4,23.1
2,Coimbatore,2018,7,109.7,30.38,62.8,20.2
2,Coimbatore,2018,8,125.5,28.95,89.3,16.3
2,Coimbatore,2018,9,94.1,25.59,68.4,16.1
2,Coimbatore,2018,10,54.7,22.73,75.7,12.2
2,Coimbatore,2018,11,25.1,22.01,83.7,23.7
2,Coimbatore,2018,12,10.0,18.56,84.5,15.7
2,Coimbatore,2019,1,11.6,18.74,80.2,18.5
2,Coimbatore,2019,2,9.9,22.47,80.9,11.5
2,Coimbatore,2019,3,22.1,25.8,89.1,15.7
2,Coimbatore,2019,4,31.0,29.18,59.4,19.1
2,Coimbatore,2019,5,47.4,32.04,87.1,17.0
2,Coimbatore,2019,6,102.4,32.29,50.9,12.4
2,Coimbatore,2019,7,114.1,31.8,56.0,11.5
2,Coimbatore,2019,8,99.9,28.52,54.1,12.8
2,Coimbatore,2019,9,83.3,26.03,47.0,17.2
2,Coimbatore,2019,10,66.4,21.56,50.0,13.8
2,Coimbatore,2019,11,28.6,20.85,85.6,24.8
2,Coimbatore,2019,12,9.9,19.2,51.2,14.6
2,Coimbatore,2020,1,10.8,19.53,72.8,18.1
2,Coimbatore,2020,2,10.9,22.84,83.3,18.8
2,Coimbatore,2020,3,15.1,24.86,63.2,21.4
2,Coimbatore,2020,4,22.7,28.59,50.4,23.4
2,Coimbatore,2020,5,32.9,30.42,53.1,16.2
2,Coimbatore,2020,6,94.9,32.88,83.3,23.1
2,Coimbatore,2020,7,89.3,32.38,56.0,12.4
2,Coimbatore,2020,8,85.7,28.63,68.3,17.4
2,Coimbatore,2020,9,84.7,25.9,50.9,11.9
2,Coimbatore,2020,10,62.2,24.41,52.4,18.3
2,Coimbatore,2020,11,24.0,21.64,50.4,23.8
2,Coimbatore,2020,12,13.3,21.05,63.0,18.0
2,Coimbatore,2021,1,12.0,21.22,78.4,17.0
2,Coimbatore,2021,2,12.2,22.18,47.3,15.1
2,Coimbatore,2021,3,15.7,26.11,80.7,13.2
2,Coimbatore,2021,4,23.2,29.02,45.1,24.9
2,Coimbatore,2021,5,38.1,32.04,50.8,12.3
2,Coimbatore,2021,6,83.7,32.6,59.4,20.9
2,Coimbatore,2021,7,121.1,30.17,66.3,24.3
2,Coimbatore,2021,8,74.8,29.7,83.1,10.6
2,Coimbatore,2021,9,67.5,25.86,74.7,14.5
2,Coimbatore,2021,10,71.1,24.16,63.1,18.4
2,Coimbatore,2021,11,32.0,21.02,63.9,19.7
2,Coimbatore,2021,12,10.1,20.61,50.7,11.4
2,Coimbatore,2022,1,12.3,21.53,45.9,14.9
2,Coimbatore,2022,2,13.8,21.8,56.1,20.0
2,Coimbatore,2022,3,16.8,25.85,57.8,20.1
2,Coimbatore,2022,4,23.3,29.62,76.6,24.3
2,Coimbatore,2022,5,26.9,31.32,59.4,24.6
2,Coimbatore,2022,6,85.9,32.51,63.0,23.1
2,Coimbatore,2022,7,116.2,31.97,83.4,14.8
2,Coimbatore,2022,8,109.6,29.21,60.0,13.7
2,Coimbatore,2022,9,76.3,25.36,89.0,21.2
2,Coimbatore,2022,10,53.7,25.08,65.5,13.6
2,Coimbatore,2022,11,28.4,21.02,71.4,16.1
2,Coimbatore,2022,12,13.8,21.03,52.5,10.1
2,Coimbatore,2023,1,9.1,22.1,51.2,21.6
2,Coimbatore,2023,2,9.0,21.87,53.7,12.3
2,Coimbatore,2023,3,19.9,25.67,89.1,11.0
2,Coimbatore,2023,4,21.1,29.19,84.8,20.0
2,Coimbatore,2023,5,30.1,31.86,64.1,18.3
2,Coimbatore,2023,6,81.3,32.29,89.6,25.0
2,Coimbatore,2023,7,96.4,31.73,88.9,14.8
2,Coimbatore,2023,8,109.6,29.62,75.3,15.3
2,Coimbatore,2023,9,90.6,25.51,63.7,14.8
2,Coimbatore,2023,10,68.0,22.22,85.2,12.2
2,Coimbatore,2023,11,27.4,20.66,69.0,11.0
2,Coimbatore,2023,12,11.6,19.54,79.9,10.5
2,Coimbatore,2024,1,10.1,20.89,51.6,22.9
2,Coimbatore,2024,2,9.1,22.61,49.2,15.9
2,Coimbatore,2024,3,19.3,26.19,67.7,21.3
2,Coimbatore,2024,4,27.5,27.56,54.4,21.3
2,Coimbatore,2024,5,41.2,31.05,52.9,22.3
2,Coimbatore,2024,6,81.6,32.38,74.4,16.7
2,Coimbatore,2024,7,96.8,32.53,84.3,12.9
2,Coimbatore,2024,8,74.0,28.96,78.1,18.5
2,Coimbatore,2024,9,68.9,27.6,46.2,10.7
2,Coimbatore,2024,10,43.8,23.07,63.8,21.4
2,Coimbatore,2024,11,20.3,21.08,57.2,17.8
2,Coimbatore,2024,12,8.5,19.52,48.0,10.0
3,Madurai,2015,1,17.9,23.49,66.1,17.1
3,Madurai,2015,2,16.2,27.35,71.4,12.9
3,Madurai,2015,3,21.7,27.95,54.3,16.3
3,Madurai,2015,4,36.0,31.28,59.4,15.4
3,Madurai,2015,5,51.1,34.23,72.5,13.1
3,Madurai,2015,6,122.7,32.68,49.8,11.7
3,Madurai,2015,7,103.7,35.06,78.9,22.3
3,Madurai,2015,8,152.9,31.08,63.1,14.9
3,Madurai,2015,9,115.2,29.25,52.7,24.7
3,Madurai,2015,10,69.4,23.97,62.1,16.0
3,Madurai,2015,11,37.1,24.06,53.7,11.5
3,Madurai,2015,12,20.5,24.15,63.4,16.5
3,Madurai,2016,1,16.9,22.18,62.6,14.9
3,Madurai,2016,2,19.5,25.19,74.6,18.3
3,Madurai,2016,3,22.7,28.8,49.3,12.5
3,Madurai,2016,4,39.1,32.46,70.3,21.3
3,Madurai,2016,5,57.6,34.55,71.9,20.0
3,Madurai,2016,6,159.0,34.53,86.6,18.7
3,Madurai,2016,7,151.4,35.32,70.3,10.4
3,Madurai,2016,8,171.3,30.22,66.0,10.1
3,Madurai,2016,9,130.8,28.81,61.8,18.5
3,Madurai,2016,10,86.1,25.51,67.3,18.0
3,Madurai,2016,11,47.8,23.1,53.4,18.9
3,Madurai,2016,12,16.9,20.79,81.5,17.2
3,Madurai,2017,1,16.0,22.86,64.1,15.5
3,Madurai,2017,2,15.8,26.5,82.7,14.3
3,Madurai,2017,3,27.3,28.69,68.4,17.0
3,Madurai,2017,4,40.1,31.41,62.0,19.3
3,Madurai,2017,5,60.5,34.28,54.6,12.1
3,Madurai,2017,6,140.4,33.99,87.6,16.1
3,Madurai,2017,7,160.1,34.42,74.3,23.1
3,Madurai,2017,8,137.0,32.2,46.6,18.0
3,Madurai,2017,9,105.6,29.12,76.8,14.5
3,Madurai,2017,10,81.9,26.3,82.7,11.8
3,Madurai,2017,11,46.6,24.03,69.1,23.7
3,Madurai,2017,12,15.6,22.55,47.8,24.5
3,Madurai,2018,1,19.0,23.99,88.4,11.4
3,Madurai,2018,2,20.1,24.67,88.9,22.6
3,Madurai,2018,3,19.1,29.17,69.6,18.2
3,Madurai,2018,4,34.7,32.86,66.7,16.8
3,Madurai,2018,5,56.5,34.15,49.0,11.2
3,Madurai,2018,6,131.1,34.34,72.5,10.5
3,Madurai,2018,7,160.4,35.57,54.8,17.7
3,Madurai,2018,8,154.2,32.83,47.2,12.3
3,Madurai,2018,9,114.9,29.44,86.1,18.1
3,Madurai,2018,10,82.8,25.55,72.8,23.0
3,Madurai,2018,11,50.3,23.0,55.2,16.6
3,Madurai,2018,12,19.3,22.71,69.3,12.7
3,Madurai,2019,1,20.4,22.98,64.6,13.4
3,Madurai,2019,2,18.3,25.69,53.5,11.6
3,Madurai,2019,3,18.8,28.84,64.7,24.9
3,Madurai,2019,4,26.9,31.38,48.0,18.9
3,Madurai,2019,5,71.9,34.34,89.2,17.0
3,Madurai,2019,6,117.7,34.65,82.0,19.7
3,Madurai,2019,7,139.3,34.01,83.5,19.5
3,Madurai,2019,8,183.7,32.68,88.2,15.6
3,Madurai,2019,9,132.9,28.94,78.1,16.9
3,Madurai,2019,10,65.1,25.99,53.9,19.4
3,Madurai,2019,11,28.1,23.58,50.0,24.3
3,Madurai,2019,12,15.5,23.27,68.8,23.2
3,Madurai,2020,1,17.3,23.09,61.1,17.2
3,Madurai,2020,2,17.3,25.44,50.7,18.3
3,Madurai,2020,3,20.6,28.05,80.2,21.2
3,Madurai,2020,4,36.6,31.48,55.8,15.4
3,Madurai,2020,5,60.4,34.53,55.8,21.3
3,Madurai,2020,6,166.2,34.99,64.7,14.5
3,Madurai,2020,7,105.5,34.3,86.9,17.5
3,Madurai,2020,8,132.5,30.92,72.6,23.3
3,Madurai,2020,9,119.3,29.8,48.7,10.2
3,Madurai,2020,10,57.2,26.38,70.6,18.3
3,Madurai,2020,11,33.9,22.97,80.7,22.7
3,Madurai,2020,12,14.1,22.73,59.1,16.0
3,Madurai,2021,1,16.0,23.58,60.5,18.4
3,Madurai,2021,2,17.8,24.71,47.6,24.2
3,Madurai,2021,3,23.1,28.46,53.6,12.6
3,Madurai,2021,4,37.0,31.65,51.3,20.2
3,Madurai,2021,5,47.3,33.65,88.4,14.0
3,Madurai,2021,6,137.0,34.98,79.9,21.6
3,Madurai,2021,7,146.4,33.15,45.2,18.6
3,Madurai,2021,8,95.3,32.91,68.4,22.1
3,Madurai,2021,9,109.1,27.66,61.7,12.8
3,Madurai,2021,10,69.4,24.85,83.8,19.6
3,Madurai,2021,11,36.2,24.13,63.2,23.9
3,Madurai,2021,12,20.7,22.92,49.4,17.0
3,Madurai,2022,1,12.8,24.88,58.0,21.9
3,Madurai,2022,2,15.7,26.22,57.3,13.8
3,Madurai,2022,3,24.6,29.41,55.1,22.7
3,Madurai,2022,4,34.1,32.45,73.8,21.7
3,Madurai,2022,5,68.0,35.09,83.2,13.4
3,Madurai,2022,6,128.9,34.01,72.9,21.4
3,Madurai,2022,7,145.5,35.05,77.8,16.6
3,Madurai,2022,8,138.0,30.81,81.9,21.2
3,Madurai,2022,9,112.9,27.79,67.6,17.6
3,Madurai,2022,10,97.0,25.43,86.1,13.7
3,Madurai,2022,11,44.1,23.6,53.5,21.9
3,Madurai,2022,12,12.1,23.09,89.3,15.3
3,Madurai,2023,1,15.9,24.77,49.2,16.2
3,Madurai,2023,2,16.1,25.46,62.2,24.7
3,Madurai,2023,3,24.7,28.83,60.2,19.1
3,Madurai,2023,4,34.1,31.79,54.9,20.7
3,Madurai,2023,5,51.7,33.7,60.7,23.0
3,Madurai,2023,6,125.7,35.71,47.3,21.2
3,Madurai,2023,7,141.5,33.79,54.7,18.0
3,Madurai,2023,8,127.1,30.62,46.2,24.4
3,Madurai,2023,9,111.6,27.15,68.9,17.1
3,Madurai,2023,10,74.9,26.83,85.0,22.2
3,Madurai,2023,11,27.4,23.73,88.8,23.5
3,Madurai,2023,12,14.7,23.5,54.5,11.4
3,Madurai,2024,1,12.7,25.38,48.3,12.0
3,Madurai,2024,2,13.7,26.1,73.4,23.2
3,Madurai,2024,3,23.9,27.89,65.1,15.2
3,Madurai,2024,4,25.6,31.39,56.7,12.3
3,Madurai,2024,5,70.3,33.19,75.9,22.8
3,Madurai,2024,6,109.5,34.65,54.7,20.3
3,Madurai,2024,7,130.5,33.79,58.0,18.3
3,Madurai,2024,8,176.6,31.22,51.1,20.4
3,Madurai,2024,9,105.9,28.2,65.1,16.1
3,Madurai,2024,10,65.6,25.31,78.4,13.6
3,Madurai,2024,11,38.1,23.9,66.3,17.5
3,Madurai,2024,12,19.0,21.96,68.8,19.0
4,Ludhiana,2015,1,15.1,18.02,67.2,17.0
4,Ludhiana,2015,2,17.7,21.24,54.8,11.4
4,Ludhiana,2015,3,22.3,23.76,78.0,10.5
4,Ludhiana,2015,4,28.2,26.55,52.5,19.4
4,Ludhiana,2015,5,55.8,28.87,79.2,13.5
4,Ludhiana,2015,6,120.2,30.03,83.2,25.0
4,Ludhiana,2015,7,96.1,29.19,56.8,18.7
4,Ludhiana,2015,8,140.2,27.39,73.8,22.9
4,Ludhiana,2015,9,125.8,24.52,82.5,14.5
4,Ludhiana,2015,10,85.0,20.3,85.8,22.0
4,Ludhiana,2015,11,37.5,19.14,70.2,17.6
4,Ludhiana,2015,12,15.4,19.18,60.0,15.0
4,Ludhiana,2016,1,15.0,17.67,65.1,13.4
4,Ludhiana,2016,2,15.0,20.75,59.2,12.7
4,Ludhiana,2016,3,23.3,24.6,47.5,18.7
4,Ludhiana,2016,4,29.1,27.37,72.3,16.7
4,Ludhiana,2016,5,43.9,30.08,85.2,10.2
4,Ludhiana,2016,6,108.5,29.76,51.8,13.0
4,Ludhiana,2016,7,123.0,28.3,87.9,17.4
4,Ludhiana,2016,8,142.5,28.2,55.1,10.7
4,Ludhiana,2016,9,139.5,24.14,64.8,19.7
4,Ludhiana,2016,10,62.9,19.81,77.0,11.5
4,Ludhiana,2016,11,32.9,17.14,46.9,13.4
4,Ludhiana,2016,12,11.6,17.7,82.1,23.9
4,Ludhiana,2017,1,17.8,18.82,86.6,24.3
4,Ludhiana,2017,2,15.1,20.74,85.8,24.6
4,Ludhiana,2017,3,24.5,21.79,72.6,19.2
4,Ludhiana,2017,4,27.2,26.87,78.3,11.1
4,Ludhiana,2017,5,61.7,30.22,67.9,14.7
4,Ludhiana,2017,6,102.7,30.81,52.9,13.3
4,Ludhiana,2017,7,126.9,30.35,54.7,22.9
4,Ludhiana,2017,8,127.2,26.58,72.8,23.9
4,Ludhiana,2017,9,114.6,22.38,51.8,11.3
4,Ludhiana,2017,10,66.6,20.42,66.4,21.3
4,Ludhiana,2017,11,39.1,18.4,68.4,22.6
4,Ludhiana,2017,12,17.3,17.89,50.2,23.3
4,Ludhiana,2018,1,13.6,18.79,75.9,10.7
4,Ludhiana,2018,2,15.7,20.84,63.6,17.8
4,Ludhiana,2018,3,21.6,25.54,61.8,19.8
4,Ludhiana,2018,4,22.1,28.44,65.5,15.9
4,Ludhiana,2018,5,48.4,29.17,71.7,10.3
4,Ludhiana,2018,6,117.1,29.53,49.5,21.7
4,Ludhiana,2018,7,148.4,30.15,79.4,14.3
4,Ludhiana,2018,8,135.0,26.76,89.1,10.6
4,Ludhiana,2018,9,101.9,24.38,60.1,24.8
4,Ludhiana,2018,10,74.6,22.13,59.6,17.2
4,Ludhiana,2018,11,49.6,18.98,87.5,14.0
4,Ludhiana,2018,12,15.1,18.65,86.9,17.5
4,Ludhiana,2019,1,13.4,18.99,83.7,16.7
4,Ludhiana,2019,2,16.6,21.4,68.9,24.6
4,Ludhiana,2019,3,21.1,23.92,62.6,13.0
4,Ludhiana,2019,4,28.3,26.45,56.9,15.3
4,Ludhiana,2019,5,59.1,28.83,61.3,22.8
4,Ludhiana,2019,6,126.6,30.32,60.4,10.6
4,Ludhiana,2019,7,112.1,31.72,78.6,12.0
4,Ludhiana,2019,8,141.7,25.79,77.0,20.7
4,Ludhiana,2019,9,89.9,24.46,68.4,18.0
4,Ludhiana,2019,10,74.0,21.21,86.7,14.0
4,Ludhiana,2019,11,36.0,17.46,57.3,10.5
4,Ludhiana,2019,12,13.9,18.21,62.3,15.1
4,Ludhiana,2020,1,13.2,19.41,54.1,21.3
4,Ludhiana,2020,2,17.9,21.22,68.9,14.7
4,Ludhiana,2020,3,24.7,24.8,85.3,16.5
4,Ludhiana,2020,4,31.1,28.0,86.8,11.4
4,Ludhiana,2020,5,67.8,28.12,74.5,10.5
4,Ludhiana,2020,6,109.8,31.42,83.6,11.5
4,Ludhiana,2020,7,142.5,29.89,65.2,14.0
4,Ludhiana,2020,8,140.5,27.35,57.2,23.4
4,Ludhiana,2020,9,129.5,24.34,63.8,13.9
4,Ludhiana,2020,10,76.2,23.07,70.5,16.2
4,Ludhiana,2020,11,45.1,20.97,80.3,24.5
4,Ludhiana,2020,12,13.4,18.5,52.6,22.3
4,Ludhiana,2021,1,18.7,18.9,50.2,18.5
4,Ludhiana,2021,2,13.7,20.61,81.7,11.0
4,Ludhiana,2021,3,23.6,24.95,50.3,24.1
4,Ludhiana,2021,4,31.9,27.63,71.4,20.8
4,Ludhiana,2021,5,47.8,28.8,90.0,16.8
4,Ludhiana,2021,6,141.0,30.84,48.9,11.7
4,Ludhiana,2021,7,104.3,29.06,61.0,16.8
4,Ludhiana,2021,8,124.7,27.63,56.4,20.6
4,Ludhiana,2021,9,125.0,24.06,60.3,19.8
4,Ludhiana,2021,10,56.4,19.97,84.4,12.0
4,Ludhiana,2021,11,35.7,19.6,58.4,10.9
4,Ludhiana,2021,12,13.1,18.5,53.9,13.9
4,Ludhiana,2022,1,15.5,18.57,69.0,21.6
4,Ludhiana,2022,2,15.7,22.28,68.5,23.6
4,Ludhiana,2022,3,24.9,24.07,76.4,24.8
4,Ludhiana,2022,4,37.8,26.73,50.7,21.3
4,Ludhiana,2022,5,53.4,28.43,73.3,19.2
4,Ludhiana,2022,6,117.7,29.54,46.6,18.3
4,Ludhiana,2022,7,152.6,29.84,63.9,12.8
4,Ludhiana,2022,8,106.5,26.68,49.2,23.3
4,Ludhiana,2022,9,114.5,24.18,88.7,20.6
4,Ludhiana,2022,10,61.5,21.81,46.8,20.9
4,Ludhiana,2022,11,34.3,20.16,87.7,21.3
4,Ludhiana,2022,12,17.2,19.25,59.6,17.8
4,Ludhiana,2023,1,16.2,19.72,89.8,11.2
4,Ludhiana,2023,2,15.9,21.86,57.9,12.6
4,Ludhiana,2023,3,22.6,24.12,46.5,11.0
4,Ludhiana,2023,4,34.4,27.58,89.4,13.1
4,Ludhiana,2023,5,72.5,28.09,71.1,15.7
4,Ludhiana,2023,6,138.5,30.85,76.0,23.0
4,Ludhiana,2023,7,197.2,28.41,52.7,11.0
4,Ludhiana,2023,8,159.3,28.41,48.0,22.9
4,Ludhiana,2023,9,103.4,24.24,47.5,22.8
4,Ludhiana,2023,10,48.5,21.78,80.8,17.3
4,Ludhiana,2023,11,39.0,19.49,82.4,10.8
4,Ludhiana,2023,12,19.2,18.88,75.8,13.9
4,Ludhiana,2024,1,16.7,19.13,65.8,14.9
4,Ludhiana,2024,2,18.7,19.63,51.7,23.1
4,Ludhiana,2024,3,29.4,25.34,83.1,13.6
4,Ludhiana,2024,4,32.6,27.15,79.3,24.8
4,Ludhiana,2024,5,62.4,30.41,71.6,21.3
4,Ludhiana,2024,6,83.1,31.19,89.6,13.9
4,Ludhiana,2024,7,126.0,30.34,71.8,21.9
4,Ludhiana,2024,8,132.3,26.59,56.1,18.3
4,Ludhiana,2024,9,123.6,25.8,75.7,24.6
4,Ludhiana,2024,10,74.0,23.57,49.8,13.6
4,Ludhiana,2024,11,36.8,19.97,50.6,13.0
4,Ludhiana,2024,12,15.4,18.26,77.7,11.0
5,Karnal,2015,1,13.7,19.94,71.4,14.8
5,Karnal,2015,2,15.4,20.21,74.9,16.6
5,Karnal,2015,3,20.7,25.06,54.1,18.1
5,Karnal,2015,4,24.0,27.15,63.2,18.7
5,Karnal,2015,5,53.3,30.48,73.9,21.9
5,Karnal,2015,6,90.5,30.73,68.7,23.1
5,Karnal,2015,7,114.6,30.96,55.0,21.0
5,Karnal,2015,8,140.1,26.9,60.2,16.7
5,Karnal,2015,9,70.2,24.28,61.6,10.8
5,Karnal,2015,10,70.5,23.19,87.5,17.6
5,Karnal,2015,11,45.7,20.13,81.7,15.8
5,Karnal,2015,12,13.4,17.71,63.1,10.8
5,Karnal,2016,1,13.6,19.79,69.9,13.2
5,Karnal,2016,2,15.7,21.23,75.7,24.3
5,Karnal,2016,3,23.6,24.21,87.3,24.1
5,Karnal,2016,4,25.9,28.33,63.9,11.8
5,Karnal,2016,5,35.2,28.68,51.6,13.4
5,Karnal,2016,6,92.7,30.18,70.3,15.5
5,Karnal,2016,7,124.9,29.38,86.1,23.5
5,Karnal,2016,8,101.5,25.91,73.8,20.4
5,Karnal,2016,9,99.3,23.83,80.2,15.7
5,Karnal,2016,10,68.1,21.62,64.7,15.1
5,Karnal,2016,11,34.6,18.77,59.4,14.4
5,Karnal,2016,12,16.4,18.43,87.8,14.3
5,Karnal,2017,1,16.7,19.56,65.9,10.5
5,Karnal,2017,2,16.7,22.78,68.2,19.1
5,Karnal,2017,3,19.7,25.93,74.5,24.9
5,Karnal,2017,4,28.2,27.57,82.2,18.2
5,Karnal,2017,5,36.3,31.18,50.5,23.9
5,Karnal,2017,6,100.1,32.08,53.8,10.1
5,Karnal,2017,7,117.1,29.32,65.3,16.0
5,Karnal,2017,8,122.0,27.42,50.6,14.4
5,Karnal,2017,9,90.0,25.05,87.4,24.3
5,Karnal,2017,10,73.6,22.19,78.9,10.5
5,Karnal,2017,11,32.8,17.98,75.0,15.3
5,Karnal,2017,12,13.6,16.89,79.8,14.1
5,Karnal,2018,1,9.7,20.54,82.0,23.5
5,Karnal,2018,2,13.9,22.94,86.9,18.6
5,Karnal,2018,3,21.3,23.14,58.0,13.6
5,Karnal,2018,4,30.4,27.74,73.4,17.8
5,Karnal,2018,5,42.2,30.8,82.0,13.0
5,Karnal,2018,6,119.9,30.86,83.8,14.4
5,Karnal,2018,7,125.5,30.03,74.9,22.7
5,Karnal,2018,8,161.9,28.16,78.5,16.8
5,Karnal,2018,9,124.9,23.06,49.8,13.4
5,Karnal,2018,10,85.4,21.76,56.1,17.4
5,Karnal,2018,11,29.3,20.06,70.9,17.0
5,Karnal,2018,12,15.6,18.28,66.2,18.7
5,Karnal,2019,1,13.7,18.81,78.6,15.1
5,Karnal,2019,2,12.3,21.79,71.2,14.3
5,Karnal,2019,3,25.3,23.97,56.5,17.7
5,Karnal,2019,4,23.4,27.63,89.4,23.1
5,Karnal,2019,5,53.5,29.55,62.7,23.1
5,Karnal,2019,6,93.7,30.55,81.6,20.6
5,Karnal,2019,7,154.2,31.13,52.7,19.6
5,Karnal,2019,8,166.9,26.1,83.7,13.4
5,Karnal,2019,9,102.6,24.84,70.0,17.7
5,Karnal,2019,10,73.7,21.06,52.6,21.1
5,Karnal,2019,11,32.1,19.11,85.2,10.0
5,Karnal,2019,12,12.3,19.77,57.2,16.9
5,Karnal,2020,1,13.2,20.71,70.9,11.4
5,Karnal,2020,2,14.7,21.47,61.2,21.7
5,Karnal,2020,3,16.1,23.25,46.5,13.4
5,Karnal,2020,4,19.9,26.83,84.7,22.0
5,Karnal,2020,5,59.4,30.24,68.6,19.8
5,Karnal,2020,6,89.2,29.76,48.3,24.2
5,Karnal,2020,7,127.4,30.17,89.6,12.4
5,Karnal,2020,8,114.3,28.22,78.9,15.3
5,Karnal,2020,9,100.4,24.74,51.1,11.8
5,Karnal,2020,10,57.3,22.68,54.7,20.4
5,Karnal,2020,11,31.1,18.73,62.3,22.5
5,Karnal,2020,12,11.1,17.61,83.1,18.7
5,Karnal,2021,1,13.6,18.73,79.7,25.0
5,Karnal,2021,2,16.9,22.2,50.4,13.7
5,Karnal,2021,3,24.0,25.52,52.5,10.7
5,Karnal,2021,4,30.7,27.37,70.1,14.2
5,Karnal,2021,5,56.4,30.39,58.0,20.2
5,Karnal,2021,6,117.2,29.39,78.3,17.0
5,Karnal,2021,7,112.6,28.42,55.0,16.8
5,Karnal,2021,8,130.8,28.14,73.9,19.7
5,Karnal,2021,9,95.6,25.13,80.4,16.5
5,Karnal,2021,10,57.9,21.15,71.5,13.5
5,Karnal,2021,11,36.3,19.5,62.1,16.5
5,Karnal,2021,12,12.7,18.6,87.3,19.9
5,Karnal,2022,1,16.1,19.06,63.6,17.9
5,Karnal,2022,2,14.9,21.51,50.6,16.2
5,Karnal,2022,3,17.4,24.8,73.0,16.9
5,Karnal,2022,4,28.4,27.26,54.8,14.1
5,Karnal,2022,5,44.5,29.91,52.3,11.4
5,Karnal,2022,6,115.3,31.39,55.0,10.4
5,Karnal,2022,7,136.1,29.92,51.6,24.7
5,Karnal,2022,8,154.8,29.71,49.0,24.6
5,Karnal,2022,9,118.6,25.11,62.3,24.0
5,Karnal,2022,10,70.6,21.77,74.2,24.5
5,Karnal,2022,11,37.3,18.99,76.7,12.2
5,Karnal,2022,12,12.3,19.49,52.0,13.7
5,Karnal,2023,1,16.7,18.89,90.0,10.1
5,Karnal,2023,2,13.8,21.03,71.5,20.3
5,Karnal,2023,3,17.9,23.87,71.7,13.1
5,Karnal,2023,4,34.3,28.2,66.2,14.8
5,Karnal,2023,5,39.9,30.03,89.4,13.3
5,Karnal,2023,6,93.4,31.06,63.8,14.9
5,Karnal,2023,7,137.3,29.94,51.9,21.7
5,Karnal,2023,8,118.0,27.48,60.1,12.4
5,Karnal,2023,9,100.3,24.23,80.9,24.5
5,Karnal,2023,10,55.6,21.81,69.4,14.8
5,Karnal,2023,11,31.0,20.36,66.1,19.8
5,Karnal,2023,12,13.7,18.76,81.9,19.8
5,Karnal,2024,1,12.5,19.58,72.6,14.2
5,Karnal,2024,2,18.2,23.24,55.9,10.9
5,Karnal,2024,3,18.1,23.76,80.6,22.3
5,Karnal,2024,4,31.1,28.0,66.3,19.8
5,Karnal,2024,5,42.0,30.91,82.3,18.9
5,Karnal,2024,6,63.4,31.91,79.8,18.8
5,Karnal,2024,7,156.4,29.99,58.2,23.3
5,Karnal,2024,8,119.2,28.11,76.9,24.2
5,Karnal,2024,9,83.8,24.54,78.4,17.1
5,Karnal,2024,10,57.3,21.86,57.0,22.9
5,Karnal,2024,11,27.5,19.82,47.9,13.8
5,Karnal,2024,12,10.4,18.23,72.8,10.1
6,Nagpur,2015,1,21.7,21.9,65.1,21.2
6,Nagpur,2015,2,17.5,23.9,86.3,13.7
6,Nagpur,2015,3,32.3,26.84,80.2,19.2
6,Nagpur,2015,4,40.6,31.27,57.1,19.0
6,Nagpur,2015,5,84.4,32.15,61.8,16.7
6,Nagpur,2015,6,144.5,34.86,65.2,10.2
6,Nagpur,2015,7,237.9,33.77,84.1,23.6
6,Nagpur,2015,8,172.2,30.85,57.0,13.3
6,Nagpur,2015,9,232.9,26.66,79.2,14.7
6,Nagpur,2015,10,99.6,24.85,86.4,23.1
6,Nagpur,2015,11,50.1,20.82,65.9,10.7
6,Nagpur,2015,12,19.3,21.01,87.9,12.9
6,Nagpur,2016,1,18.6,21.75,75.4,15.0
6,Nagpur,2016,2,22.5,24.42,58.6,13.8
6,Nagpur,2016,3,27.9,28.04,73.5,12.4
6,Nagpur,2016,4,39.3,29.73,52.3,15.0
6,Nagpur,2016,5,85.5,33.02,53.7,18.1
6,Nagpur,2016,6,157.6,32.12,64.2,23.5
6,Nagpur,2016,7,171.7,33.17,79.2,22.6
6,Nagpur,2016,8,185.7,30.03,58.7,12.6
6,Nagpur,2016,9,218.1,27.72,73.8,21.0
6,Nagpur,2016,10,119.9,23.34,45.0,19.0
6,Nagpur,2016,11,43.2,21.46,59.9,11.1
6,Nagpur,2016,12,19.6,21.62,89.2,24.5
6,Nagpur,2017,1,21.2,22.85,76.1,11.4
6,Nagpur,2017,2,18.3,23.15,89.4,20.1
6,Nagpur,2017,3,42.1,26.25,46.8,23.0
6,Nagpur,2017,4,48.8,30.09,87.2,13.9
6,Nagpur,2017,5,58.6,32.44,48.6,20.9
6,Nagpur,2017,6,175.5,33.66,53.8,10.4
6,Nagpur,2017,7,163.2,32.52,62.5,18.3
6,Nagpur,2017,8,191.9,30.5,79.3,23.8
6,Nagpur,2017,9,138.2,27.59,63.8,10.1
6,Nagpur,2017,10,93.7,23.16,60.8,20.5
6,Nagpur,2017,11,56.4,21.71,78.7,15.3
6,Nagpur,2017,12,20.0,20.74,57.3,22.2
6,Nagpur,2018,1,19.8,22.08,81.4,20.2
6,Nagpur,2018,2,21.6,23.6,64.8,11.7
6,Nagpur,2018,3,29.0,26.53,51.0,24.3
6,Nagpur,2018,4,44.0,29.57,85.4,18.4
6,Nagpur,2018,5,63.9,31.33,70.0,15.2
6,Nagpur,2018,6,176.1,33.71,88.7,18.3
6,Nagpur,2018,7,186.8,32.59,81.2,11.5
6,Nagpur,2018,8,152.9,30.64,48.6,20.4
6,Nagpur,2018,9,134.6,26.0,55.3,12.8
6,Nagpur,2018,10,102.3,24.0,88.2,18.9
6,Nagpur,2018,11,48.8,21.56,81.9,17.3
6,Nagpur,2018,12,19.2,21.43,74.9,10.5
6,Nagpur,2019,1,20.7,21.48,73.7,19.4
6,Nagpur,2019,2,21.9,24.93,60.9,20.8
6,Nagpur,2019,3,35.5,27.92,88.5,21.3
6,Nagpur,2019,4,29.8,30.32,87.4,14.8
6,Nagpur,2019,5,68.0,31.28,47.1,10.9
6,Nagpur,2019,6,137.0,32.26,87.0,24.1
6,Nagpur,2019,7,192.5,32.91,47.9,21.1
6,Nagpur,2019,8,198.2,30.33,45.6,16.5
6,Nagpur,2019,9,155.3,26.04,83.1,16.1
6,Nagpur,2019,10,117.2,22.99,87.5,14.1
6,Nagpur,2019,11,51.8,23.24,60.8,17.9
6,Nagpur,2019,12,20.0,21.38,60.3,22.3
6,Nagpur,2020,1,20.3,21.92,75.2,21.9
6,Nagpur,2020,2,22.6,24.01,46.5,11.7
6,Nagpur,2020,3,23.8,25.46,61.0,18.4
6,Nagpur,2020,4,49.8,29.7,59.3,15.2
6,Nagpur,2020,5,78.1,33.2,59.9,20.4
6,Nagpur,2020,6,138.3,32.75,85.2,10.5
6,Nagpur,2020,7,189.3,32.29,64.1,10.2
6,Nagpur,2020,8,176.9,30.9,57.9,23.0
6,Nagpur,2020,9,155.2,27.71,75.8,18.2
6,Nagpur,2020,10,88.0,24.01,51.2,20.5
6,Nagpur,2020,11,54.6,21.42,86.7,11.1
6,Nagpur,2020,12,14.6,21.28,48.1,22.5
6,Nagpur,2021,1,19.4,22.03,81.6,17.7
6,Nagpur,2021,2,18.6,22.67,74.6,12.0
6,Nagpur,2021,3,26.6,27.57,55.4,19.3
6,Nagpur,2021,4,35.1,31.53,83.7,15.1
6,Nagpur,2021,5,62.5,32.52,68.8,11.3
6,Nagpur,2021,6,140.5,33.84,70.3,18.4
6,Nagpur,2021,7,105.0,33.38,70.3,14.9
6,Nagpur,2021,8,161.8,28.37,56.9,12.8
6,Nagpur,2021,9,150.1,27.2,60.2,20.2
6,Nagpur,2021,10,94.6,22.95,76.1,18.4
6,Nagpur,2021,11,46.3,22.48,80.2,24.1
6,Nagpur,2021,12,17.7,21.44,65.3,21.8
6,Nagpur,2022,1,17.8,21.99,80.7,19.3
6,Nagpur,2022,2,16.6,22.82,64.8,16.7
6,Nagpur,2022,3,29.6,26.48,64.5,22.4
6,Nagpur,2022,4,33.2,30.87,64.9,20.6
6,Nagpur,2022,5,49.0,32.97,78.7,20.1
6,Nagpur,2022,6,174.1,33.17,83.5,19.2
6,Nagpur,2022,7,165.3,31.52,79.1,15.9
6,Nagpur,2022,8,177.1,31.19,45.0,19.7
6,Nagpur,2022,9,159.1,29.46,81.4,20.2
6,Nagpur,2022,10,97.7,24.84,89.5,24.6
6,Nagpur,2022,11,42.6,20.99,52.7,18.2
6,Nagpur,2022,12,18.3,22.75,49.9,15.7
6,Nagpur,2023,1,17.6,22.92,51.9,22.6
6,Nagpur,2023,2,20.3,24.21,66.3,12.5
6,Nagpur,2023,3,35.1,28.41,71.6,12.3
6,Nagpur,2023,4,29.9,30.85,84.9,13.4
6,Nagpur,2023,5,49.2,32.83,89.9,11.7
6,Nagpur,2023,6,95.3,33.98,60.5,17.8
6,Nagpur,2023,7,186.0,31.38,86.7,19.3
6,Nagpur,2023,8,143.2,30.25,85.7,12.8
6,Nagpur,2023,9,152.2,27.94,66.7,22.6
6,Nagpur,2023,10,91.0,24.05,58.8,16.7
6,Nagpur,2023,11,41.7,23.19,56.6,21.2
6,Nagpur,2023,12,20.6,21.71,63.1,20.8
6,Nagpur,2024,1,18.7,22.2,66.8,21.7
6,Nagpur,2024,2,18.1,23.44,81.3,11.3
6,Nagpur,2024,3,22.9,27.55,64.7,14.3
6,Nagpur,2024,4,33.5,30.79,87.1,10.1
6,Nagpur,2024,5,56.3,31.72,55.2,19.8
6,Nagpur,2024,6,102.0,33.18,72.1,20.4
6,Nagpur,2024,7,186.0,32.84,88.4,19.3
6,Nagpur,2024,8,136.2,29.61,75.1,18.4
6,Nagpur,2024,9,123.7,27.05,53.5,11.6
6,Nagpur,2024,10,99.4,24.72,71.5,10.9
6,Nagpur,2024,11,49.6,22.81,69.0,14.1
6,Nagpur,2024,12,18.0,20.6,47.3,21.3
7,Pune,2015,1,17.2,20.38,54.5,14.6
7,Pune,2015,2,15.8,22.63,52.1,16.3
7,Pune,2015,3,20.7,23.48,85.9,23.4
7,Pune,2015,4,30.3,28.52,54.5,11.9
7,Pune,2015,5,48.1,31.82,72.5,14.4
7,Pune,2015,6,91.5,30.96,59.5,18.6
7,Pune,2015,7,134.1,32.19,52.7,16.4
7,Pune,2015,8,87.8,28.77,60.7,24.3
7,Pune,2015,9,130.1,25.64,72.0,11.4
7,Pune,2015,10,78.5,22.52,58.5,10.7
7,Pune,2015,11,32.2,19.91,56.0,18.6
7,Pune,2015,12,16.7,19.28,59.9,20.1
7,Pune,2016,1,12.5,20.67,79.1,24.9
7,Pune,2016,2,13.9,23.01,77.9,22.0
7,Pune,2016,3,24.9,24.93,68.2,22.8
7,Pune,2016,4,26.5,28.22,88.3,13.7
7,Pune,2016,5,62.3,29.71,85.8,18.6
7,Pune,2016,6,128.8,32.12,56.5,20.9
7,Pune,2016,7,129.5,30.8,53.5,22.8
7,Pune,2016,8,113.1,27.3,56.3,23.1
7,Pune,2016,9,110.4,25.28,68.0,16.8
7,Pune,2016,10,69.2,20.64,56.8,14.2
7,Pune,2016,11,37.5,18.29,59.7,11.3
7,Pune,2016,12,11.6,18.48,68.1,15.1
7,Pune,2017,1,15.0,19.5,88.3,20.2
7,Pune,2017,2,11.3,24.16,76.7,11.2
7,Pune,2017,3,20.3,24.0,82.6,24.0
7,Pune,2017,4,24.5,27.21,88.2,11.9
7,Pune,2017,5,41.6,29.63,59.6,10.3
7,Pune,2017,6,100.2,30.94,74.2,21.7
7,Pune,2017,7,137.3,30.32,54.3,14.7
7,Pune,2017,8,131.7,28.42,75.0,19.4
7,Pune,2017,9,114.9,25.79,51.2,18.5
7,Pune,2017,10,71.2,22.28,64.3,14.2
7,Pune,2017,11,38.3,19.56,73.2,18.1
7,Pune,2017,12,12.7,18.52,57.2,14.9
7,Pune,2018,1,12.1,20.39,72.9,16.2
7,Pune,2018,2,10.4,21.5,75.9,10.6
7,Pune,2018,3,18.5,25.69,73.9,19.8
7,Pune,2018,4,26.5,28.4,55.6,14.2
7,Pune,2018,5,53.9,30.75,62.6,19.1
7,Pune,2018,6,118.4,31.83,76.8,11.2
7,Pune,2018,7,98.6,30.72,60.5,24.2
7,Pune,2018,8,100.3,28.03,72.9,17.0
7,Pune,2018,9,75.3,26.17,50.4,25.0
7,Pune,2018,10,64.9,23.51,45.9,16.3
7,Pune,2018,11,43.3,20.47,65.9,24.6
7,Pune,2018,12,15.1,18.24,86.8,13.8
7,Pune,2019,1,12.9,19.74,68.5,23.9
7,Pune,2019,2,8.7,22.24,51.0,12.9
7,Pune,2019,3,21.3,24.69,68.9,15.6
7,Pune,2019,4,25.4,28.06,69.6,22.3
7,Pune,2019,5,45.4,31.29,62.4,15.9
7,Pune,2019,6,96.8,31.8,74.7,16.5
7,Pune,2019,7,101.8,32.02,86.5,13.1
7,Pune,2019,8,144.0,28.58,51.2,23.6
7,Pune,2019,9,99.3,25.04,46.6,17.5
7,Pune,2019,10,69.0,22.04,67.4,11.4
7,Pune,2019,11,29.8,19.32,72.4,12.7
7,Pune,2019,12,13.8,18.19,84.4,14.4
7,Pune,2020,1,14.4,20.52,77.2,11.0
7,Pune,2020,2,10.2,22.48,49.8,15.9
7,Pune,2020,3,22.2,24.32,57.3,15.2
7,Pune,2020,4,21.9,27.82,64.4,12.2
7,Pune,2020,5,38.2,29.95,53.9,11.1
7,Pune,2020,6,122.8,31.19,67.2,19.8
7,Pune,2020,7,116.8,29.37,55.5,15.6
7,Pune,2020,8,96.8,26.86,89.6,24.9
7,Pune,2020,9,91.6,25.66,59.6,13.6
7,Pune,2020,10,65.2,24.1,60.3,12.7
7,Pune,2020,11,28.5,21.03,55.8,18.1
7,Pune,2020,12,10.9,18.95,52.3,19.2
7,Pune,2021,1,13.9,20.23,46.9,18.5
7,Pune,2021,2,14.9,22.88,48.9,20.8
7,Pune,2021,3,15.9,24.32,85.6,21.9
7,Pune,2021,4,31.9,28.34,66.6,23.6
7,Pune,2021,5,47.6,30.46,69.6,11.9
7,Pune,2021,6,104.2,32.16,62.0,22.3
7,Pune,2021,7,87.1,30.33,86.6,17.2
7,Pune,2021,8,113.3,28.19,77.3,24.2
7,Pune,2021,9,117.6,24.51,82.3,22.7
7,Pune,2021,10,73.0,21.98,81.0,24.5
7,Pune,2021,11,28.4,19.15,50.3,21.8
7,Pune,2021,12,14.0,18.64,53.1,15.9
7,Pune,2022,1,12.9,20.62,46.3,16.1
7,Pune,2022,2,12.6,21.55,65.3,15.5
7,Pune,2022,3,21.5,24.47,69.3,23.8
7,Pune,2022,4,25.5,28.68,53.0,11.5
7,Pune,2022,5,45.1,29.39,54.9,14.8
7,Pune,2022,6,104.9,32.34,85.7,14.4
7,Pune,2022,7,129.8,31.33,85.8,11.4
7,Pune,2022,8,126.7,28.33,68.3,14.8
7,Pune,2022,9,116.7,25.2,79.6,14.0
7,Pune,2022,10,53.6,21.49,66.8,24.3
7,Pune,2022,11,37.0,20.16,89.8,12.3
7,Pune,2022,12,14.7,18.62,85.9,21.0
7,Pune,2023,1,13.3,19.89,67.9,10.3
7,Pune,2023,2,13.3,21.46,80.8,15.9
7,Pune,2023,3,18.2,25.28,66.3,13.8
7,Pune,2023,4,28.4,28.68,63.7,13.7
7,Pune,2023,5,43.8,30.99,71.1,10.1
7,Pune,2023,6,103.9,30.7,54.3,17.9
7,Pune,2023,7,128.0,30.36,73.7,13.7
7,Pune,2023,8,109.4,28.1,65.7,24.4
7,Pune,2023,9,87.4,24.84,80.5,18.3
7,Pune,2023,10,79.0,22.29,85.4,20.9
7,Pune,2023,11,33.2,18.66,86.3,22.1
7,Pune,2023,12,18.7,18.61,67.2,11.2
7,Pune,2024,1,9.9,20.71,57.6,17.8
7,Pune,2024,2,14.5,21.63,49.6,13.1
7,Pune,2024,3,22.4,26.28,78.6,21.3
7,Pune,2024,4,28.9,27.74,54.1,20.5
7,Pune,2024,5,42.1,31.23,70.5,12.8
7,Pune,2024,6,89.6,30.45,75.8,12.7
7,Pune,2024,7,117.6,30.21,54.8,23.1
7,Pune,2024,8,131.9,28.53,56.5,24.6
7,Pune,2024,9,90.1,25.42,48.0,12.6
7,Pune,2024,10,64.8,22.09,74.5,21.7
7,Pune,2024,11,41.2,20.13,77.3,14.0
7,Pune,2024,12,9.9,20.42,81.0,15.1
8,Guntur,2015,1,18.9,24.15,46.4,17.0
8,Guntur,2015,2,14.3,24.42,84.9,14.2
8,Guntur,2015,3,22.2,28.42,64.0,22.2
8,Guntur,2015,4,39.3,30.9,83.8,13.2
8,Guntur,2015,5,66.6,32.02,58.0,20.5
8,Guntur,2015,6,135.6,36.38,50.8,23.4
8,Guntur,2015,7,171.1,33.11,89.7,19.1
8,Guntur,2015,8,172.4,30.7,71.5,22.1
8,Guntur,2015,9,140.0,26.87,69.0,20.3
8,Guntur,2015,10,63.9,27.2,60.8,10.2
8,Guntur,2015,11,44.7,24.2,87.3,19.4
8,Guntur,2015,12,18.7,22.39,81.9,10.0
8,Guntur,2016,1,22.0,23.71,83.4,16.0
8,Guntur,2016,2,22.8,28.14,47.7,13.0
8,Guntur,2016,3,28.5,30.08,82.8,23.8
8,Guntur,2016,4,42.6,30.76,66.3,22.6
8,Guntur,2016,5,68.4,33.9,68.0,22.2
8,Guntur,2016,6,134.2,33.63,55.5,21.0
8,Guntur,2016,7,141.8,33.7,68.4,22.5
8,Guntur,2016,8,136.7,31.31,47.3,23.4
8,Guntur,2016,9,98.2,29.31,66.9,21.1
8,Guntur,2016,10,112.1,25.76,89.0,21.2
8,Guntur,2016,11,38.4,22.79,51.6,16.5
8,Guntur,2016,12,18.8,22.38,52.5,18.9
8,Guntur,2017,1,18.9,23.67,85.3,10.4
8,Guntur,2017,2,17.1,24.78,66.2,22.6
8,Guntur,2017,3,30.1,28.22,77.4,18.7
8,Guntur,2017,4,31.8,31.88,74.4,15.4
8,Guntur,2017,5,54.0,33.8,52.1,21.7
8,Guntur,2017,6,119.7,34.4,57.3,17.0
8,Guntur,2017,7,142.1,33.75,84.4,12.5
8,Guntur,2017,8,206.8,29.65,51.8,13.9
8,Guntur,2017,9,134.1,28.53,68.0,14.6
8,Guntur,2017,10,81.3,27.97,71.6,15.7
8,Guntur,2017,11,34.7,22.61,46.3,14.6
8,Guntur,2017,12,19.1,21.13,70.9,18.5
8,Guntur,2018,1,22.4,23.84,58.6,10.6
8,Guntur,2018,2,16.4,25.37,49.9,16.9
8,Guntur,2018,3,26.2,28.12,45.9,22.6
8,Guntur,2018,4,24.2,31.99,68.8,15.0
8,Guntur,2018,5,62.8,32.95,82.1,16.3
8,Guntur,2018,6,125.3,36.14,52.9,12.3
8,Guntur,2018,7,150.2,32.02,55.6,23.6
8,Guntur,2018,8,146.2,32.16,67.3,19.8
8,Guntur,2018,9,110.2,29.27,88.7,16.9
8,Guntur,2018,10,86.7,24.51,83.9,14.2
8,Guntur,2018,11,47.7,23.95,69.0,17.9
8,Guntur,2018,12,19.5,23.85,57.2,15.4
8,Guntur,2019,1,14.8,22.47,79.7,10.3
8,Guntur,2019,2,16.4,24.58,50.9,16.0
8,Guntur,2019,3,23.7,28.53,59.5,18.8
8,Guntur,2019,4,36.7,30.24,50.1,14.5
8,Guntur,2019,5,69.4,33.66,56.0,11.3
8,Guntur,2019,6,139.1,35.68,78.0,18.4
8,Guntur,2019,7,125.7,32.99,69.8,21.6
8,Guntur,2019,8,119.3,30.4,67.6,11.4
8,Guntur,2019,9,143.8,28.74,61.5,10.7
8,Guntur,2019,10,82.5,24.48,61.0,14.1
8,Guntur,2019,11,30.7,22.59,57.8,11.1
8,Guntur,2019,12,18.9,23.72,56.3,21.2
8,Guntur,2020,1,16.9,23.75,76.7,24.9
8,Guntur,2020,2,15.9,25.16,52.2,19.9
8,Guntur,2020,3,26.2,28.13,70.9,14.6
8,Guntur,2020,4,35.1,33.56,83.2,12.9
8,Guntur,2020,5,54.6,34.53,48.4,20.2
8,Guntur,2020,6,137.5,35.23,75.2,21.5
8,Guntur,2020,7,157.4,34.0,84.8,13.5
8,Guntur,2020,8,193.6,31.96,54.5,24.7
8,Guntur,2020,9,114.0,27.85,62.9,19.3
8,Guntur,2020,10,81.5,25.81,76.5,14.8
8,Guntur,2020,11,52.0,24.06,88.8,23.0
8,Guntur,2020,12,19.8,21.89,59.5,14.3
8,Guntur,2021,1,17.1,22.85,68.0,13.2
8,Guntur,2021,2,19.9,25.42,49.9,19.3
8,Guntur,2021,3,29.8,28.9,56.9,14.1
8,Guntur,2021,4,41.2,31.46,74.2,10.8
8,Guntur,2021,5,76.5,34.07,54.9,13.0
8,Guntur,2021,6,131.5,33.91,57.3,24.9
8,Guntur,2021,7,176.0,34.06,65.9,22.7
8,Guntur,2021,8,163.0,29.49,84.2,23.2
8,Guntur,2021,9,115.3,28.1,75.9,23.7
8,Guntur,2021,10,115.0,25.93,63.4,22.2
8,Guntur,2021,11,35.7,23.2,52.1,14.6
8,Guntur,2021,12,18.5,23.05,51.4,11.7
8,Guntur,2022,1,18.0,23.83,79.2,21.1
8,Guntur,2022,2,18.4,26.51,77.8,17.1
8,Guntur,2022,3,17.3,29.28,63.0,20.0
8,Guntur,2022,4,35.8,31.43,79.9,24.7
8,Guntur,2022,5,77.1,33.5,58.4,11.3
8,Guntur,2022,6,136.4,35.28,72.5,23.5
8,Guntur,2022,7,166.0,35.38,71.6,17.6
8,Guntur,2022,8,147.5,31.58,57.0,19.2
8,Guntur,2022,9,160.2,28.33,56.7,19.1
8,Guntur,2022,10,81.8,25.23,60.4,13.6
8,Guntur,2022,11,37.2,23.95,47.2,12.0
8,Guntur,2022,12,17.7,24.14,80.1,14.3
8,Guntur,2023,1,19.7,22.67,72.8,23.0
8,Guntur,2023,2,15.1,25.95,61.4,17.2
8,Guntur,2023,3,22.1,28.21,89.5,11.0
8,Guntur,2023,4,40.0,31.66,86.5,17.6
8,Guntur,2023,5,54.0,33.7,70.6,13.2
8,Guntur,2023,6,140.0,34.81,45.2,16.7
8,Guntur,2023,7,158.9,33.14,48.7,14.1
8,Guntur,2023,8,162.2,33.71,86.2,18.8
8,Guntur,2023,9,148.2,28.07,78.7,12.1
8,Guntur,2023,10,81.3,25.82,57.3,24.3
8,Guntur,2023,11,46.3,22.75,66.6,22.6
8,Guntur,2023,12,17.7,22.2,47.1,16.9
8,Guntur,2024,1,14.1,23.37,71.8,16.5
8,Guntur,2024,2,18.2,25.13,67.8,24.1
8,Guntur,2024,3,29.2,29.58,67.5,18.1
8,Guntur,2024,4,32.2,31.93,74.9,20.6
8,Guntur,2024,5,65.1,33.27,63.6,21.8
8,Guntur,2024,6,119.3,34.01,75.7,21.1
8,Guntur,2024,7,179.3,34.15,45.5,11.8
8,Guntur,2024,8,127.7,31.43,57.4,16.4
8,Guntur,2024,9,124.0,28.98,74.5,12.0
8,Guntur,2024,10,83.1,23.93,81.3,11.9
8,Guntur,2024,11,38.3,24.17,73.4,10.3
8,Guntur,2024,12,17.1,22.66,57.2,21.6
9,Indore,2015,1,15.9,21.0,73.6,16.5
9,Indore,2015,2,14.9,22.01,68.4,18.3
9,Indore,2015,3,24.1,25.64,61.4,12.2
9,Indore,2015,4,48.1,28.79,83.7,22.7
9,Indore,2015,5,51.5,30.86,90.0,13.4
9,Indore,2015,6,133.8,31.31,76.1,17.2
9,Indore,2015,7,136.8,30.72,80.7,17.5
9,Indore,2015,8,139.5,28.55,77.0,18.6
9,Indore,2015,9,141.6,25.96,54.8,11.8
9,Indore,2015,10,105.6,23.41,59.6,22.2
9,Indore,2015,11,53.7,19.96,62.5,12.4
9,Indore,2015,12,20.5,20.28,60.4,13.2
9,Indore,2016,1,25.5,19.87,79.1,19.4
9,Indore,2016,2,17.8,22.49,51.9,15.5
9,Indore,2016,3,37.7,25.98,83.6,10.8
9,Indore,2016,4,33.9,28.05,81.0,18.9
9,Indore,2016,5,61.5,31.74,55.3,21.1
9,Indore,2016,6,102.3,30.87,55.7,22.9
9,Indore,2016,7,121.3,31.67,52.1,12.4
9,Indore,2016,8,136.4,27.61,45.4,15.6
9,Indore,2016,9,163.0,24.93,73.2,11.1
9,Indore,2016,10,91.5,21.11,63.5,17.0
9,Indore,2016,11,37.1,19.9,86.0,13.4
9,Indore,2016,12,20.7,19.92,60.0,19.5
9,Indore,2017,1,16.4,22.06,45.3,22.8
9,Indore,2017,2,19.5,21.58,55.1,12.5
9,Indore,2017,3,32.9,25.95,54.8,19.9
9,Indore,2017,4,39.6,28.31,64.8,21.6
9,Indore,2017,5,68.8,30.59,55.6,18.0
9,Indore,2017,6,111.6,30.87,58.1,17.6
9,Indore,2017,7,187.8,30.98,86.4,22.6
9,Indore,2017,8,162.9,28.68,72.4,16.5
9,Indore,2017,9,160.6,25.12,45.3,22.8
9,Indore,2017,10,102.5,21.66,53.9,23.4
9,Indore,2017,11,35.5,20.56,55.8,12.3
9,Indore,2017,12,21.6,18.48,90.0,13.4
9,Indore,2018,1,22.9,21.55,55.1,16.3
9,Indore,2018,2,16.4,22.98,57.4,18.2
9,Indore,2018,3,29.7,26.11,52.6,12.4
9,Indore,2018,4,35.0,27.95,68.1,19.4
9,Indore,2018,5,82.3,30.73,58.2,15.2
9,Indore,2018,6,124.6,30.1,55.0,17.3
9,Indore,2018,7,173.3,31.24,52.9,18.7
9,Indore,2018,8,178.2,28.16,63.6,21.8
9,Indore,2018,9,133.5,25.29,63.6,21.4
9,Indore,2018,10,75.3,20.36,70.0,20.3
9,Indore,2018,11,48.7,21.26,70.3,14.4
9,Indore,2018,12,19.6,21.07,65.3,12.5
9,Indore,2019,1,20.3,19.98,52.7,19.2
9,Indore,2019,2,18.9,22.03,86.7,19.0
9,Indore,2019,3,27.1,25.61,73.0,14.6
9,Indore,2019,4,36.4,28.91,46.9,16.6
9,Indore,2019,5,50.7,30.11,58.5,12.6
9,Indore,2019,6,116.1,32.91,47.5,10.6
9,Indore,2019,7,147.4,29.81,70.3,14.8
9,Indore,2019,8,191.9,27.74,85.3,17.3
9,Indore,2019,9,140.3,26.23,49.0,17.1
9,Indore,2019,10,108.3,22.53,59.6,18.8
9,Indore,2019,11,53.3,19.05,87.3,11.9
9,Indore,2019,12,16.7,18.12,61.5,21.2
9,Indore,2020,1,22.0,20.39,82.7,10.7
9,Indore,2020,2,19.6,22.0,45.2,17.6
9,Indore,2020,3,27.5,25.65,45.1,20.1
9,Indore,2020,4,43.3,28.41,68.9,23.4
9,Indore,2020,5,46.8,30.24,50.5,20.1
9,Indore,2020,6,142.3,31.37,60.5,21.3
9,Indore,2020,7,183.7,31.46,52.7,16.9
9,Indore,2020,8,146.6,28.41,86.8,11.1
9,Indore,2020,9,122.3,24.44,88.3,23.7
9,Indore,2020,10,103.1,22.59,46.7,14.4
9,Indore,2020,11,56.5,19.63,49.4,11.5
9,Indore,2020,12,24.4,19.48,45.2,12.9
9,Indore,2021,1,22.0,20.2,63.3,16.1
9,Indore,2021,2,18.5,23.24,49.8,16.6
9,Indore,2021,3,32.6,25.04,58.8,13.9
9,Indore,2021,4,30.3,28.54,54.1,11.5
9,Indore,2021,5,72.4,31.01,56.6,22.1
9,Indore,2021,6,144.1,30.51,64.0,16.4
9,Indore,2021,7,184.2,30.34,52.0,23.3
9,Indore,2021,8,99.5,29.47,84.1,23.8
9,Indore,2021,9,183.2,25.61,82.1,22.9
9,Indore,2021,10,94.6,23.69,77.4,12.7
9,Indore,2021,11,43.2,19.91,89.4,15.7
9,Indore,2021,12,15.0,19.75,70.0,14.6
9,Indore,2022,1,14.0,21.24,83.8,20.0
9,Indore,2022,2,19.0,21.86,55.9,13.9
9,Indore,2022,3,39.7,24.23,77.7,15.0
9,Indore,2022,4,38.0,31.02,53.3,14.2
9,Indore,2022,5,74.1,31.42,73.7,15.2
9,Indore,2022,6,146.7,31.89,63.3,14.9
9,Indore,2022,7,200.2,29.88,46.9,12.2
9,Indore,2022,8,170.2,27.88,64.7,15.2
9,Indore,2022,9,139.0,24.82,52.2,15.4
9,Indore,2022,10,102.1,22.18,82.3,14.2
9,Indore,2022,11,42.8,21.38,71.2,14.5
9,Indore,2022,12,22.2,20.71,75.0,13.1
9,Indore,2023,1,20.5,20.23,74.3,23.6
9,Indore,2023,2,22.1,22.21,61.4,22.3
9,Indore,2023,3,27.9,25.91,85.5,23.3
9,Indore,2023,4,44.0,29.27,82.3,14.7
9,Indore,2023,5,69.1,30.65,71.9,19.8
9,Indore,2023,6,125.5,32.78,54.7,22.4
9,Indore,2023,7,196.2,31.23,53.5,13.6
9,Indore,2023,8,170.3,29.36,65.5,24.0
9,Indore,2023,9,123.3,24.44,65.9,16.5
9,Indore,2023,10,85.4,23.53,76.0,10.6
9,Indore,2023,11,43.4,20.54,51.6,18.3
9,Indore,2023,12,26.0,19.95,55.2,22.3
9,Indore,2024,1,20.3,19.71,53.5,20.9
9,Indore,2024,2,25.3,21.94,51.6,15.3
9,Indore,2024,3,29.5,25.07,45.3,24.0
9,Indore,2024,4,41.2,28.01,86.8,19.0
9,Indore,2024,5,85.3,30.96,64.2,21.0
9,Indore,2024,6,162.2,30.83,87.5,12.3
9,Indore,2024,7,173.4,31.46,78.2,24.4
9,Indore,2024,8,171.2,27.44,69.2,16.7
9,Indore,2024,9,145.6,27.28,52.9,24.0
9,Indore,2024,10,105.6,22.98,53.6,11.0
9,Indore,2024,11,57.4,21.1,78.3,10.8
9,Indore,2024,12,23.0,19.82,68.3,11.4
10,Jaipur,2015,1,9.0,20.71,50.8,13.1
10,Jaipur,2015,2,11.4,21.84,45.0,15.3
10,Jaipur,2015,3,11.8,25.16,84.6,12.1
10,Jaipur,2015,4,22.3,28.24,74.8,13.6
10,Jaipur,2015,5,34.9,30.7,88.4,14.6
10,Jaipur,2015,6,85.9,31.0,67.8,11.7
10,Jaipur,2015,7,98.0,31.81,52.6,16.0
10,Jaipur,2015,8,108.1,27.97,69.2,17.0
10,Jaipur,2015,9,103.3,24.5,52.9,12.9
10,Jaipur,2015,10,52.3,21.36,56.2,16.4
10,Jaipur,2015,11,23.8,20.8,58.8,13.0
10,Jaipur,2015,12,12.0,18.09,82.9,17.8
10,Jaipur,2016,1,11.9,20.37,58.4,19.1
10,Jaipur,2016,2,8.1,21.69,69.7,19.0
10,Jaipur,2016,3,19.3,26.3,88.7,19.3
10,Jaipur,2016,4,23.3,28.35,47.9,15.3
10,Jaipur,2016,5,30.4,30.72,58.6,15.0
10,Jaipur,2016,6,71.0,32.37,61.4,11.5
10,Jaipur,2016,7,100.1,31.57,74.8,12.3
10,Jaipur,2016,8,81.8,28.82,45.8,17.5
10,Jaipur,2016,9,63.8,25.52,89.2,20.2
10,Jaipur,2016,10,40.6,23.6,62.3,14.9
10,Jaipur,2016,11,23.0,19.54,70.6,14.4
10,Jaipur,2016,12,7.8,20.06,80.6,18.8
10,Jaipur,2017,1,10.0,20.31,86.2,16.2
10,Jaipur,2017,2,11.6,22.92,48.0,23.5
10,Jaipur,2017,3,14.2,25.31,47.6,19.0
10,Jaipur,2017,4,17.8,29.33,77.0,14.3
10,Jaipur,2017,5,32.9,31.95,64.8,22.5
10,Jaipur,2017,6,102.6,30.83,59.0,19.6
10,Jaipur,2017,7,61.9,30.38,78.1,21.5
10,Jaipur,2017,8,79.1,29.2,53.1,16.3
10,Jaipur,2017,9,52.8,25.03,56.8,20.7
10,Jaipur,2017,10,47.2,22.76,80.9,21.8
10,Jaipur,2017,11,25.7,21.47,71.1,11.2
10,Jaipur,2017,12,9.6,19.68,65.0,18.9
10,Jaipur,2018,1,8.5,21.0,86.0,22.0
10,Jaipur,2018,2,9.7,23.04,45.7,17.9
10,Jaipur,2018,3,14.8,26.17,56.6,23.4
10,Jaipur,2018,4,21.0,27.96,84.1,15.4
10,Jaipur,2018,5,28.5,31.17,52.4,18.7
10,Jaipur,2018,6,73.7,33.05,61.8,12.6
10,Jaipur,2018,7,75.8,30.75,48.1,12.9
10,Jaipur,2018,8,82.1,28.88,49.8,18.0
10,Jaipur,2018,9,59.7,26.01,50.6,23.5
10,Jaipur,2018,10,39.9,23.09,49.4,10.9
10,Jaipur,2018,11,24.3,21.18,85.7,22.6
10,Jaipur,2018,12,10.9,19.61,69.8,24.7
10,Jaipur,2019,1,8.4,20.85,82.2,25.0
10,Jaipur,2019,2,8.1,22.87,47.9,11.0
10,Jaipur,2019,3,14.0,25.79,74.3,14.8
10,Jaipur,2019,4,20.4,29.0,84.9,20.2
10,Jaipur,2019,5,35.2,32.29,72.6,20.0
10,Jaipur,2019,6,76.4,30.73,73.8,21.8
10,Jaipur,2019,7,89.6,31.67,53.2,24.3
10,Jaipur,2019,8,101.9,28.43,62.2,21.4
10,Jaipur,2019,9,72.4,27.77,51.4,17.4
10,Jaipur,2019,10,36.3,23.72,86.0,21.2
10,Jaipur,2019,11,27.9,21.08,61.1,19.2
10,Jaipur,2019,12,12.1,20.49,84.4,13.6
10,Jaipur,2020,1,9.9,20.89,76.9,18.2
10,Jaipur,2020,2,6.8,24.2,89.7,17.0
10,Jaipur,2020,3,10.8,24.53,84.6,22.2
10,Jaipur,2020,4,14.6,29.28,76.1,12.0
10,Jaipur,2020,5,23.4,31.0,68.4,23.6
10,Jaipur,2020,6,72.3,32.03,72.2,21.4
10,Jaipur,2020,7,87.7,30.48,76.7,22.5
10,Jaipur,2020,8,83.7,28.56,48.4,20.2
10,Jaipur,2020,9,52.9,25.99,58.5,13.0
10,Jaipur,2020,10,61.8,22.1,83.0,20.8
10,Jaipur,2020,11,29.3,21.08,75.9,13.7
10,Jaipur,2020,12,8.8,20.95,58.4,15.0
10,Jaipur,2021,1,9.3,20.17,84.3,17.7
10,Jaipur,2021,2,10.7,22.88,60.0,14.1
10,Jaipur,2021,3,15.7,25.99,87.4,13.3
10,Jaipur,2021,4,10.4,30.92,83.9,10.4
10,Jaipur,2021,5,31.3,31.89,71.2,17.7
10,Jaipur,2021,6,75.9,34.4,46.4,19.7
10,Jaipur,2021,7,60.6,31.97,82.2,20.7
10,Jaipur,2021,8,76.4,28.89,58.0,11.8
10,Jaipur,2021,9,72.0,24.43,72.3,12.6
10,Jaipur,2021,10,53.3,23.38,55.1,21.8
10,Jaipur,2021,11,16.5,20.08,56.7,12.4
10,Jaipur,2021,12,9.4,20.78,71.5,17.8
10,Jaipur,2022,1,7.5,20.98,50.2,22.6
10,Jaipur,2022,2,9.4,24.46,46.2,12.1
10,Jaipur,2022,3,12.0,25.84,73.6,19.4
10,Jaipur,2022,4,18.9,29.81,49.7,17.9
10,Jaipur,2022,5,30.7,32.16,80.9,21.7
10,Jaipur,2022,6,50.1,31.51,45.4,21.2
10,Jaipur,2022,7,84.3,30.53,81.9,22.3
10,Jaipur,2022,8,73.6,29.82,56.2,14.6
10,Jaipur,2022,9,90.9,25.3,62.7,19.8
10,Jaipur,2022,10,34.2,23.81,51.6,22.2
10,Jaipur,2022,11,18.4,20.27,75.0,15.5
10,Jaipur,2022,12,9.3,20.63,65.6,10.7
10,Jaipur,2023,1,8.7,21.13,48.4,20.0
10,Jaipur,2023,2,6.7,22.82,67.4,14.7
10,Jaipur,2023,3,14.4,25.67,57.9,19.3
10,Jaipur,2023,4,17.1,28.33,69.1,24.9
10,Jaipur,2023,5,33.5,31.15,60.5,12.4
10,Jaipur,2023,6,59.5,32.36,82.2,15.0
10,Jaipur,2023,7,86.6,31.63,62.0,24.3
10,Jaipur,2023,8,83.2,27.82,88.4,23.6
10,Jaipur,2023,9,70.2,26.89,81.7,22.9
10,Jaipur,2023,10,49.9,23.37,47.7,17.5
10,Jaipur,2023,11,19.8,21.15,83.6,21.4
10,Jaipur,2023,12,11.9,20.0,50.4,10.9
10,Jaipur,2024,1,7.3,21.87,87.7,24.7
10,Jaipur,2024,2,7.5,22.99,82.7,23.1
10,Jaipur,2024,3,12.7,26.76,52.8,15.5
10,Jaipur,2024,4,20.6,28.84,89.7,23.1
10,Jaipur,2024,5,26.9,32.58,64.2,16.8
10,Jaipur,2024,6,60.2,31.91,62.7,11.4
10,Jaipur,2024,7,69.0,30.54,69.5,22.7
10,Jaipur,2024,8,86.7,29.5,51.0,18.6
10,Jaipur,2024,9,62.8,26.15,63.1,12.3
10,Jaipur,2024,10,38.3,25.21,66.9,13.4
10,Jaipur,2024,11,17.0,21.56,47.3,10.2
10,Jaipur,2024,12,8.7,19.84,73.2,15.4
11,Kanpur,2015,1,17.9,21.29,48.7,11.4
11,Kanpur,2015,2,17.6,23.98,60.7,20.9
11,Kanpur,2015,3,20.6,28.57,72.3,24.6
11,Kanpur,2015,4,23.5,28.83,51.3,18.3
11,Kanpur,2015,5,62.7,32.19,64.3,24.5
11,Kanpur,2015,6,151.8,33.53,72.0,11.3
11,Kanpur,2015,7,140.9,32.42,63.5,21.4
11,Kanpur,2015,8,130.6,30.04,45.0,10.8
11,Kanpur,2015,9,108.6,24.88,48.0,14.8
11,Kanpur,2015,10,76.8,21.02,57.9,19.6
11,Kanpur,2015,11,36.7,20.41,56.1,24.4
11,Kanpur,2015,12,16.5,19.23,53.5,12.4
11,Kanpur,2016,1,20.2,19.72,74.3,21.6
11,Kanpur,2016,2,18.1,20.63,81.2,20.8
11,Kanpur,2016,3,18.7,26.35,49.4,16.8
11,Kanpur,2016,4,35.6,28.32,76.0,18.4
11,Kanpur,2016,5,43.0,31.08,74.4,19.0
11,Kanpur,2016,6,115.7,30.95,64.1,15.9
11,Kanpur,2016,7,128.1,29.45,76.8,15.4
11,Kanpur,2016,8,167.3,28.78,68.8,22.2
11,Kanpur,2016,9,129.0,26.62,77.4,13.9
11,Kanpur,2016,10,63.3,23.64,51.1,12.9
11,Kanpur,2016,11,36.2,20.7,80.5,12.2
11,Kanpur,2016,12,13.0,19.94,67.4,18.4
11,Kanpur,2017,1,17.4,20.0,62.8,14.3
11,Kanpur,2017,2,14.5,23.16,78.7,15.7
11,Kanpur,2017,3,25.5,26.32,69.0,20.4
11,Kanpur,2017,4,26.0,28.17,54.7,18.5
11,Kanpur,2017,5,57.6,29.16,66.8,14.7
11,Kanpur,2017,6,160.6,31.39,67.0,22.3
11,Kanpur,2017,7,118.1,30.14,63.9,20.0
11,Kanpur,2017,8,175.9,29.21,53.0,10.6
11,Kanpur,2017,9,108.4,26.85,87.2,24.5
11,Kanpur,2017,10,91.7,22.78,54.2,16.4
11,Kanpur,2017,11,51.2,20.98,74.3,11.7
11,Kanpur,2017,12,19.2,19.82,51.2,10.8
11,Kanpur,2018,1,14.0,22.02,48.4,22.0
11,Kanpur,2018,2,14.5,24.66,55.0,18.9
11,Kanpur,2018,3,22.5,24.89,54.5,19.8
11,Kanpur,2018,4,38.1,28.94,62.5,11.3
11,Kanpur,2018,5,42.9,31.24,88.6,15.0
11,Kanpur,2018,6,114.8,33.4,85.9,24.9
11,Kanpur,2018,7,139.9,30.89,74.0,14.2
11,Kanpur,2018,8,94.1,28.54,77.5,11.3
11,Kanpur,2018,9,113.6,27.73,76.9,12.4
11,Kanpur,2018,10,66.1,23.29,76.1,17.6
11,Kanpur,2018,11,36.2,21.3,72.0,13.5
11,Kanpur,2018,12,15.5,21.12,71.9,12.8
11,Kanpur,2019,1,12.8,21.07,56.2,16.6
11,Kanpur,2019,2,13.7,20.99,78.6,15.7
11,Kanpur,2019,3,26.6,25.77,77.1,23.1
11,Kanpur,2019,4,32.3,30.45,57.8,19.6
11,Kanpur,2019,5,62.2,31.09,86.4,21.4
11,Kanpur,2019,6,133.2,31.48,67.9,17.1
11,Kanpur,2019,7,122.4,31.12,50.8,23.0
11,Kanpur,2019,8,164.3,29.9,69.9,20.5
11,Kanpur,2019,9,114.5,27.05,76.7,14.3
11,Kanpur,2019,10,87.7,23.07,58.1,16.9
11,Kanpur,2019,11,34.8,20.63,78.9,12.6
11,Kanpur,2019,12,15.6,20.05,88.9,13.0
11,Kanpur,2020,1,15.2,21.59,51.0,19.0
11,Kanpur,2020,2,15.1,22.96,70.1,22.2
11,Kanpur,2020,3,21.3,26.07,68.6,12.9
11,Kanpur,2020,4,39.3,28.41,74.2,13.2
11,Kanpur,2020,5,56.3,31.86,87.6,18.0
11,Kanpur,2020,6,120.3,31.17,84.5,20.4
11,Kanpur,2020,7,118.8,31.67,80.2,11.2
11,Kanpur,2020,8,132.8,29.44,66.0,12.0
11,Kanpur,2020,9,112.5,24.47,86.2,19.0
11,Kanpur,2020,10,76.0,23.69,83.4,18.6
11,Kanpur,2020,11,26.9,22.96,81.6,13.4
11,Kanpur,2020,12,16.2,21.08,75.8,21.4
11,Kanpur,2021,1,13.4,22.11,57.3,20.0
11,Kanpur,2021,2,12.8,22.11,68.0,20.7
11,Kanpur,2021,3,21.1,25.54,57.0,18.3
11,Kanpur,2021,4,36.0,27.82,87.9,23.0
11,Kanpur,2021,5,51.1,30.15,70.6,11.7
11,Kanpur,2021,6,117.1,33.52,60.6,21.4
11,Kanpur,2021,7,127.4,32.09,88.8,23.3
11,Kanpur,2021,8,133.3,29.34,89.6,13.9
11,Kanpur,2021,9,107.9,26.3,83.2,10.2
11,Kanpur,2021,10,74.1,21.82,71.4,23.7
11,Kanpur,2021,11,30.8,20.94,79.8,10.6
11,Kanpur,2021,12,17.0,19.32,70.9,21.8
11,Kanpur,2022,1,14.8,20.94,51.7,17.0
11,Kanpur,2022,2,21.0,24.38,58.7,24.5
11,Kanpur,2022,3,25.8,25.46,60.4,25.0
11,Kanpur,2022,4,32.4,29.16,48.8,14.1
11,Kanpur,2022,5,69.7,30.57,65.2,12.6
11,Kanpur,2022,6,158.4,32.23,78.4,23.4
11,Kanpur,2022,7,102.8,31.59,56.6,22.7
11,Kanpur,2022,8,112.8,28.19,57.6,23.0
11,Kanpur,2022,9,144.5,25.7,52.2,15.7
11,Kanpur,2022,10,60.9,23.12,55.3,16.8
11,Kanpur,2022,11,45.9,20.11,64.7,20.4
11,Kanpur,2022,12,13.1,19.03,85.4,20.5
11,Kanpur,2023,1,14.2,20.05,64.5,19.4
11,Kanpur,2023,2,17.6,22.35,88.2,22.3
11,Kanpur,2023,3,19.4,26.04,66.6,13.9
11,Kanpur,2023,4,30.4,27.01,68.1,13.8
11,Kanpur,2023,5,67.1,30.44,90.0,15.2
11,Kanpur,2023,6,138.7,31.43,62.7,10.3
11,Kanpur,2023,7,173.9,31.51,77.9,11.6
11,Kanpur,2023,8,146.7,29.64,45.5,20.7
11,Kanpur,2023,9,112.9,27.53,89.3,11.9
11,Kanpur,2023,10,71.0,23.79,57.0,22.1
11,Kanpur,2023,11,40.2,20.42,45.6,23.6
11,Kanpur,2023,12,14.4,21.18,76.5,20.2
11,Kanpur,2024,1,17.1,19.98,80.7,13.9
11,Kanpur,2024,2,22.4,23.74,62.4,10.4
11,Kanpur,2024,3,19.4,25.47,73.3,11.5
11,Kanpur,2024,4,27.9,29.0,59.0,19.9
11,Kanpur,2024,5,69.1,30.92,68.4,15.7
11,Kanpur,2024,6,100.7,32.98,64.1,15.0
11,Kanpur,2024,7,135.9,29.79,56.5,20.7
11,Kanpur,2024,8,138.7,30.17,83.0,15.5
11,Kanpur,2024,9,128.3,26.95,75.7,12.1
11,Kanpur,2024,10,68.5,22.65,65.6,19.9
11,Kanpur,2024,11,37.2,19.81,55.0,15.3
11,Kanpur,2024,12,16.2,21.02,66.4,16.8
12,Patna,2015,1,25.9,21.1,60.4,11.8
12,Patna,2015,2,20.8,23.92,73.0,24.7
12,Patna,2015,3,40.6,25.09,52.5,18.0
12,Patna,2015,4,33.7,29.54,83.5,14.7
12,Patna,2015,5,75.9,32.55,78.3,22.6
12,Patna,2015,6,163.8,31.79,62.1,16.3
12,Patna,2015,7,198.4,31.01,46.6,14.1
12,Patna,2015,8,185.2,29.37,69.4,22.8
12,Patna,2015,9,179.5,25.19,45.7,19.0
12,Patna,2015,10,97.3,24.19,61.3,10.9
12,Patna,2015,11,53.9,19.4,72.5,17.9
12,Patna,2015,12,15.7,20.13,57.2,21.7
12,Patna,2016,1,20.6,21.06,80.9,23.3
12,Patna,2016,2,23.2,23.66,71.6,23.6
12,Patna,2016,3,30.1,25.92,82.4,17.1
12,Patna,2016,4,50.2,29.55,71.2,17.0
12,Patna,2016,5,61.3,31.18,62.8,18.2
12,Patna,2016,6,107.2,31.98,62.3,19.3
12,Patna,2016,7,215.6,31.2,65.4,20.8
12,Patna,2016,8,181.8,30.17,77.1,18.7
12,Patna,2016,9,161.1,25.83,53.6,18.3
12,Patna,2016,10,115.3,22.67,67.2,15.7
12,Patna,2016,11,53.1,20.99,87.8,16.4
12,Patna,2016,12,23.8,19.58,60.2,11.6
12,Patna,2017,1,22.0,20.94,53.6,11.9
12,Patna,2017,2,24.9,22.39,67.0,10.5
12,Patna,2017,3,40.6,25.89,83.8,19.3
12,Patna,2017,4,59.0,26.9,56.6,24.6
12,Patna,2017,5,73.5,31.91,73.6,24.8
12,Patna,2017,6,160.0,31.12,77.5,15.1
12,Patna,2017,7,177.9,33.21,63.8,13.0
12,Patna,2017,8,243.9,27.85,76.9,16.1
12,Patna,2017,9,157.5,26.72,59.8,13.2
12,Patna,2017,10,144.5,23.42,48.8,14.9
12,Patna,2017,11,50.6,20.64,47.0,19.7
12,Patna,2017,12,25.4,21.45,64.7,15.3
12,Patna,2018,1,18.6,20.51,59.8,20.2
12,Patna,2018,2,27.6,22.77,62.9,22.0
12,Patna,2018,3,28.0,25.75,56.9,19.1
12,Patna,2018,4,43.6,29.99,47.9,13.2
12,Patna,2018,5,82.7,32.18,45.6,19.0
12,Patna,2018,6,123.6,32.02,76.3,14.8
12,Patna,2018,7,217.1,32.72,81.4,24.8
12,Patna,2018,8,158.6,30.27,75.0,21.1
12,Patna,2018,9,178.9,25.85,71.8,21.3
12,Patna,2018,10,103.6,22.98,60.0,12.5
12,Patna,2018,11,54.4,20.54,88.9,13.6
12,Patna,2018,12,27.8,19.79,74.0,20.6
12,Patna,2019,1,20.8,22.43,57.2,20.6
12,Patna,2019,2,17.5,24.79,62.2,21.6
12,Patna,2019,3,27.3,25.51,85.1,18.9
12,Patna,2019,4,55.9,29.1,77.3,17.2
12,Patna,2019,5,72.7,29.91,85.9,15.4
12,Patna,2019,6,149.4,31.83,49.3,18.5
12,Patna,2019,7,200.3,31.05,79.8,15.4
12,Patna,2019,8,236.2,29.97,46.2,22.3
12,Patna,2019,9,183.5,27.0,88.6,24.5
12,Patna,2019,10,103.5,22.76,73.3,19.0
12,Patna,2019,11,57.3,20.5,50.8,13.9
12,Patna,2019,12,19.9,19.32,82.7,21.0
12,Patna,2020,1,23.1,19.38,78.4,23.5
12,Patna,2020,2,17.6,23.33,65.5,22.2
12,Patna,2020,3,35.3,26.44,48.3,24.6
12,Patna,2020,4,43.4,28.53,88.5,15.7
12,Patna,2020,5,73.3,31.12,89.4,24.7
12,Patna,2020,6,201.4,33.67,56.3,19.2
12,Patna,2020,7,185.8,30.55,54.4,11.9
12,Patna,2020,8,202.3,28.12,78.2,23.3
12,Patna,2020,9,158.1,25.69,48.8,13.5
12,Patna,2020,10,87.0,23.08,59.7,17.7
12,Patna,2020,11,54.0,21.57,61.6,16.4
12,Patna,2020,12,22.1,18.8,51.3,18.8
12,Patna,2021,1,20.8,21.13,57.3,10.9
12,Patna,2021,2,22.0,22.35,87.6,16.4
12,Patna,2021,3,38.4,25.51,58.7,17.9
12,Patna,2021,4,36.3,28.02,89.7,11.7
12,Patna,2021,5,68.8,30.72,80.8,13.1
12,Patna,2021,6,167.1,34.05,57.2,12.7
12,Patna,2021,7,221.7,30.09,82.7,21.5
12,Patna,2021,8,176.0,28.15,60.1,13.5
12,Patna,2021,9,160.8,26.17,70.7,10.9
12,Patna,2021,10,106.7,23.36,70.6,15.1
12,Patna,2021,11,56.4,22.15,75.6,18.0
12,Patna,2021,12,20.3,20.12,76.1,13.4
12,Patna,2022,1,20.3,21.14,88.0,23.0
12,Patna,2022,2,25.0,23.84,65.6,22.8
12,Patna,2022,3,38.6,26.06,50.9,16.3
12,Patna,2022,4,48.9,29.07,55.5,20.7
12,Patna,2022,5,75.0,32.59,79.4,11.4
12,Patna,2022,6,135.7,33.09,79.4,20.9
12,Patna,2022,7,164.9,32.58,90.0,18.7
12,Patna,2022,8,205.0,27.96,88.0,12.9
12,Patna,2022,9,154.9,25.35,70.7,22.0
12,Patna,2022,10,124.5,22.25,53.9,18.0
12,Patna,2022,11,53.1,21.59,78.1,19.7
12,Patna,2022,12,18.7,20.6,88.8,23.8
12,Patna,2023,1,19.8,20.45,76.0,15.4
12,Patna,2023,2,17.1,23.12,59.6,12.4
12,Patna,2023,3,31.3,26.38,69.9,17.4
12,Patna,2023,4,48.0,29.33,84.8,20.6
12,Patna,2023,5,70.7,30.25,45.3,24.7
12,Patna,2023,6,203.4,32.05,46.8,12.6
12,Patna,2023,7,258.5,31.13,74.6,19.0
12,Patna,2023,8,206.3,30.14,77.2,14.1
12,Patna,2023,9,199.2,27.87,68.6,12.0
12,Patna,2023,10,121.6,23.48,59.4,12.9
12,Patna,2023,11,72.6,22.63,53.9,15.6
12,Patna,2023,12,32.8,21.45,73.2,17.2
12,Patna,2024,1,19.9,20.89,76.7,22.3
12,Patna,2024,2,25.8,23.22,53.9,21.8
12,Patna,2024,3,38.8,26.33,83.4,19.2
12,Patna,2024,4,48.9,28.56,85.9,20.7
12,Patna,2024,5,91.6,32.19,69.6,10.3
12,Patna,2024,6,149.5,32.96,73.3,23.7
12,Patna,2024,7,151.6,31.05,45.9,13.6
12,Patna,2024,8,152.8,29.15,74.6,19.2
12,Patna,2024,9,134.3,27.11,52.1,12.0
12,Patna,2024,10,119.0,23.75,50.3,18.6
12,Patna,2024,11,65.0,21.24,82.3,12.2
12,Patna,2024,12,23.0,20.0,48.6,23.6
13,Bengaluru Rural,2015,1,16.8,19.72,68.9,16.8
13,Bengaluru Rural,2015,2,14.0,21.52,62.8,15.8
13,Bengaluru Rural,2015,3,22.2,26.51,59.0,12.6
13,Bengaluru Rural,2015,4,51.4,26.4,59.7,10.7
13,Bengaluru Rural,2015,5,63.9,29.34,77.9,15.2
13,Bengaluru Rural,2015,6,138.3,30.14,64.2,13.2
13,Bengaluru Rural,2015,7,145.9,30.38,62.5,23.5
13,Bengaluru Rural,2015,8,137.8,27.43,85.6,18.2
13,Bengaluru Rural,2015,9,125.5,25.12,59.1,18.1
13,Bengaluru Rural,2015,10,63.3,21.39,50.9,10.6
13,Bengaluru Rural,2015,11,36.7,20.41,67.0,15.8
13,Bengaluru Rural,2015,12,17.5,18.35,74.5,17.2
13,Bengaluru Rural,2016,1,16.5,19.8,53.3,11.4
13,Bengaluru Rural,2016,2,13.7,21.09,86.6,14.5
13,Bengaluru Rural,2016,3,20.3,25.52,69.7,12.2
13,Bengaluru Rural,2016,4,26.9,28.19,60.8,15.3
13,Bengaluru Rural,2016,5,56.2,29.06,50.4,21.8
13,Bengaluru Rural,2016,6,106.4,30.27,55.1,13.9
13,Bengaluru Rural,2016,7,133.7,28.53,83.5,23.5
13,Bengaluru Rural,2016,8,133.1,28.03,56.5,14.8
13,Bengaluru Rural,2016,9,115.7,24.6,88.2,18.6
13,Bengaluru Rural,2016,10,68.1,21.24,78.2,11.4
13,Bengaluru Rural,2016,11,35.6,20.25,54.3,23.2
13,Bengaluru Rural,2016,12,21.0,19.39,53.9,14.2
13,Bengaluru Rural,2017,1,10.7,19.7,89.7,12.4
13,Bengaluru Rural,2017,2,18.3,20.75,74.2,20.7
13,Bengaluru Rural,2017,3,23.5,24.28,49.0,15.4
13,Bengaluru Rural,2017,4,39.3,27.59,81.9,20.7
13,Bengaluru Rural,2017,5,52.0,30.06,73.9,15.5
13,Bengaluru Rural,2017,6,108.1,32.02,59.1,16.3
13,Bengaluru Rural,2017,7,158.8,30.09,77.9,22.1
13,Bengaluru Rural,2017,8,186.9,26.93,70.8,10.6
13,Bengaluru Rural,2017,9,110.9,24.56,54.6,12.7
13,Bengaluru Rural,2017,10,74.5,21.04,81.6,15.3
13,Bengaluru Rural,2017,11,34.6,19.64,66.6,14.1
13,Bengaluru Rural,2017,12,15.3,18.57,86.2,18.3
13,Bengaluru Rural,2018,1,16.3,18.9,56.9,10.3
13,Bengaluru Rural,2018,2,14.8,20.09,90.0,21.4
13,Bengaluru Rural,2018,3,21.2,23.86,60.0,17.5
13,Bengaluru Rural,2018,4,32.7,27.53,78.0,12.8
13,Bengaluru Rural,2018,5,47.8,27.69,88.4,22.7
13,Bengaluru Rural,2018,6,135.7,31.65,69.5,10.9
13,Bengaluru Rural,2018,7,120.8,29.79,84.2,20.1
13,Bengaluru Rural,2018,8,182.0,28.61,60.8,16.9
13,Bengaluru Rural,2018,9,110.3,23.56,80.1,21.6
13,Bengaluru Rural,2018,10,80.2,20.05,48.9,15.9
13,Bengaluru Rural,2018,11,43.2,20.44,67.8,22.3
13,Bengaluru Rural,2018,12,16.0,17.71,62.3,19.7
13,Bengaluru Rural,2019,1,12.8,18.91,68.9,10.8
13,Bengaluru Rural,2019,2,19.2,21.62,75.2,14.5
13,Bengaluru Rural,2019,3,29.3,25.1,58.5,14.8
13,Bengaluru Rural,2019,4,27.6,26.97,58.2,11.8
13,Bengaluru Rural,2019,5,44.6,29.69,46.6,19.5
13,Bengaluru Rural,2019,6,111.3,30.42,87.7,11.1
13,Bengaluru Rural,2019,7,113.6,28.76,85.6,10.4
13,Bengaluru Rural,2019,8,143.6,27.57,52.2,21.9
13,Bengaluru Rural,2019,9,105.4,24.7,89.9,19.3
13,Bengaluru Rural,2019,10,68.6,21.34,82.0,22.2
13,Bengaluru Rural,2019,11,24.7,20.01,76.7,16.1
13,Bengaluru Rural,2019,12,18.4,17.5,68.1,18.6
13,Bengaluru Rural,2020,1,15.2,19.54,47.9,14.8
13,Bengaluru Rural,2020,2,16.4,20.41,75.1,16.2
13,Bengaluru Rural,2020,3,23.3,23.99,75.8,20.9
13,Bengaluru Rural,2020,4,35.8,25.82,49.8,12.1
13,Bengaluru Rural,2020,5,49.4,29.07,85.6,10.7
13,Bengaluru Rural,2020,6,99.5,31.44,84.9,18.7
13,Bengaluru Rural,2020,7,170.6,27.89,87.7,18.6
13,Bengaluru Rural,2020,8,104.7,27.84,59.7,20.6
13,Bengaluru Rural,2020,9,107.6,24.85,62.3,14.8
13,Bengaluru Rural,2020,10,69.9,20.29,68.8,10.6
13,Bengaluru Rural,2020,11,45.3,20.0,79.9,12.1
13,Bengaluru Rural,2020,12,14.4,19.55,74.4,24.0
13,Bengaluru Rural,2021,1,16.4,18.93,61.6,19.5
13,Bengaluru Rural,2021,2,16.2,21.27,87.1,16.0
13,Bengaluru Rural,2021,3,27.7,24.45,88.4,23.7
13,Bengaluru Rural,2021,4,25.9,26.71,65.3,22.8
13,Bengaluru Rural,2021,5,57.7,28.34,75.3,15.6
13,Bengaluru Rural,2021,6,109.3,30.09,63.4,13.4
13,Bengaluru Rural,2021,7,105.5,29.18,82.4,11.7
13,Bengaluru Rural,2021,8,111.0,27.71,69.9,19.6
13,Bengaluru Rural,2021,9,135.1,24.93,65.8,15.6
13,Bengaluru Rural,2021,10,84.5,21.96,64.2,13.5
13,Bengaluru Rural,2021,11,37.0,19.86,82.4,21.5
13,Bengaluru Rural,2021,12,14.3,19.82,47.6,16.0
13,Bengaluru Rural,2022,1,25.2,18.36,57.0,19.0
13,Bengaluru Rural,2022,2,15.0,21.13,60.0,13.6
13,Bengaluru Rural,2022,3,25.1,25.2,64.8,11.4
13,Bengaluru Rural,2022,4,35.5,28.13,81.7,23.7
13,Bengaluru Rural,2022,5,53.9,29.41,74.0,14.3
13,Bengaluru Rural,2022,6,108.4,30.31,85.6,22.7
13,Bengaluru Rural,2022,7,129.1,30.8,46.3,15.2
13,Bengaluru Rural,2022,8,149.8,27.96,56.5,14.2
13,Bengaluru Rural,2022,9,117.6,25.67,62.0,24.7
13,Bengaluru Rural,2022,10,92.2,20.17,49.0,24.3
13,Bengaluru Rural,2022,11,44.6,18.45,84.3,13.0
13,Bengaluru Rural,2022,12,19.0,18.26,67.7,13.3
13,Bengaluru Rural,2023,1,15.9,19.1,83.1,18.1
13,Bengaluru Rural,2023,2,12.5,21.6,53.0,16.2
13,Bengaluru Rural,2023,3,23.3,26.09,84.4,15.7
13,Bengaluru Rural,2023,4,29.9,27.19,60.9,17.3
13,Bengaluru Rural,2023,5,68.4,29.6,60.3,24.2
13,Bengaluru Rural,2023,6,114.6,30.87,76.6,13.8
13,Bengaluru Rural,2023,7,150.7,29.65,74.7,24.6
13,Bengaluru Rural,2023,8,99.6,27.22,59.3,13.8
13,Bengaluru Rural,2023,9,157.1,24.28,51.6,22.1
13,Bengaluru Rural,2023,10,91.1,20.95,49.1,20.4
13,Bengaluru Rural,2023,11,27.5,19.3,77.3,21.1
13,Bengaluru Rural,2023,12,12.4,18.56,48.1,19.0
13,Bengaluru Rural,2024,1,13.3,19.45,57.9,13.2
13,Bengaluru Rural,2024,2,18.4,20.93,71.2,17.3
13,Bengaluru Rural,2024,3,23.4,25.36,55.9,22.6
13,Bengaluru Rural,2024,4,38.6,27.14,50.7,17.5
13,Bengaluru Rural,2024,5,89.6,29.65,53.3,18.8
13,Bengaluru Rural,2024,6,106.0,31.05,56.8,11.3
13,Bengaluru Rural,2024,7,127.3,30.01,80.0,24.6
13,Bengaluru Rural,2024,8,119.4,27.25,59.8,20.6
13,Bengaluru Rural,2024,9,135.9,24.14,54.9,20.6
13,Bengaluru Rural,2024,10,88.4,21.44,49.6,12.2
13,Bengaluru Rural,2024,11,40.5,20.83,48.3,24.4
13,Bengaluru Rural,2024,12,13.8,19.45,87.5,19.9
14,Dharwad,2015,1,19.4,19.72,61.3,24.8
14,Dharwad,2015,2,16.3,20.35,85.5,24.7
14,Dharwad,2015,3,23.0,25.52,64.3,19.8
14,Dharwad,2015,4,31.1,27.22,83.0,12.9
14,Dharwad,2015,5,65.6,30.18,76.2,14.4
14,Dharwad,2015,6,130.1,31.35,73.0,14.6
14,Dharwad,2015,7,163.1,29.16,73.0,12.5
14,Dharwad,2015,8,138.9,27.99,87.0,16.2
14,Dharwad,2015,9,129.2,24.57,72.6,23.3
14,Dharwad,2015,10,67.9,22.38,61.2,13.8
14,Dharwad,2015,11,43.3,20.0,56.7,20.4
14,Dharwad,2015,12,14.5,19.85,68.0,22.7
14,Dharwad,2016,1,23.1,19.77,51.8,17.9
14,Dharwad,2016,2,15.3,21.83,82.7,24.4
14,Dharwad,2016,3,22.9,24.75,85.3,23.9
14,Dharwad,2016,4,24.5,27.69,87.5,24.2
14,Dharwad,2016,5,50.5,30.71,87.5,11.4
14,Dharwad,2016,6,103.0,31.79,51.1,17.2
14,Dharwad,2016,7,113.7,29.21,85.4,14.2
14,Dharwad,2016,8,142.7,27.27,69.5,22.2
14,Dharwad,2016,9,107.2,25.54,77.4,20.2
14,Dharwad,2016,10,97.9,22.82,79.4,20.6
14,Dharwad,2016,11,33.2,20.36,56.9,24.2
14,Dharwad,2016,12,14.8,20.72,62.4,20.9
14,Dharwad,2017,1,19.0,18.79,61.4,18.5
14,Dharwad,2017,2,15.2,20.13,64.3,17.4
14,Dharwad,2017,3,27.3,25.5,63.5,22.6
14,Dharwad,2017,4,34.6,29.03,77.2,24.7
14,Dharwad,2017,5,51.9,30.37,78.8,23.6
14,Dharwad,2017,6,138.7,30.2,71.0,14.6
14,Dharwad,2017,7,116.0,30.1,55.5,18.2
14,Dharwad,2017,8,132.8,27.88,50.7,16.2
14,Dharwad,2017,9,118.2,24.71,69.0,13.4
14,Dharwad,2017,10,88.8,22.72,45.4,13.6
14,Dharwad,2017,11,32.6,19.35,72.7,11.2
14,Dharwad,2017,12,17.4,18.65,87.3,12.6
14,Dharwad,2018,1,20.2,18.8,47.9,14.0
14,Dharwad,2018,2,21.4,22.73,48.5,17.9
14,Dharwad,2018,3,20.9,25.52,53.1,21.2
14,Dharwad,2018,4,20.4,27.85,56.7,22.6
14,Dharwad,2018,5,46.0,29.71,56.7,24.2
14,Dharwad,2018,6,165.8,31.95,71.2,15.0
14,Dharwad,2018,7,133.8,30.26,71.0,20.7
14,Dharwad,2018,8,174.0,26.75,63.9,20.5
14,Dharwad,2018,9,139.6,24.62,85.6,22.0
14,Dharwad,2018,10,88.6,22.48,69.9,10.7
14,Dharwad,2018,11,38.4,20.34,56.7,14.3
14,Dharwad,2018,12,19.1,20.37,56.5,13.1
14,Dharwad,2019,1,14.7,19.77,68.4,18.6
14,Dharwad,2019,2,15.2,20.84,84.2,13.2
14,Dharwad,2019,3,29.3,24.93,69.9,13.5
14,Dharwad,2019,4,40.0,28.44,76.0,24.6
14,Dharwad,2019,5,69.8,31.65,76.1,18.9
14,Dharwad,2019,6,127.0,31.24,73.1,18.6
14,Dharwad,2019,7,149.3,30.21,79.0,17.6
14,Dharwad,2019,8,125.7,27.56,61.8,16.2
14,Dharwad,2019,9,93.2,24.67,83.3,11.7
14,Dharwad,2019,10,83.8,22.34,73.1,13.2
14,Dharwad,2019,11,47.3,20.03,89.1,13.9
14,Dharwad,2019,12,13.8,17.73,62.9,15.0
14,Dharwad,2020,1,16.0,19.22,88.8,20.0
14,Dharwad,2020,2,18.7,21.47,83.3,18.6
14,Dharwad,2020,3,26.3,24.35,80.3,14.9
14,Dharwad,2020,4,36.0,28.2,76.4,12.4
14,Dharwad,2020,5,59.6,30.96,54.4,23.9
14,Dharwad,2020,6,93.4,32.41,86.6,17.8
14,Dharwad,2020,7,158.3,29.87,88.1,24.9
14,Dharwad,2020,8,113.3,28.89,52.0,11.1
14,Dharwad,2020,9,121.3,24.84,51.2,21.0
14,Dharwad,2020,10,94.9,23.2,79.5,13.7
14,Dharwad,2020,11,40.3,20.92,48.8,22.4
14,Dharwad,2020,12,14.1,18.22,87.0,12.9
14,Dharwad,2021,1,20.0,18.81,52.1,24.6
14,Dharwad,2021,2,13.5,23.24,64.0,21.2
14,Dharwad,2021,3,20.8,26.09,71.7,15.9
14,Dharwad,2021,4,30.9,28.6,63.0,23.7
14,Dharwad,2021,5,65.8,31.13,87.7,16.9
14,Dharwad,2021,6,118.8,30.6,75.3,14.2
14,Dharwad,2021,7,140.0,31.3,62.7,13.3
14,Dharwad,2021,8,162.7,26.73,76.1,20.0
14,Dharwad,2021,9,77.4,25.02,59.2,10.5
14,Dharwad,2021,10,68.1,21.74,86.3,23.1
14,Dharwad,2021,11,31.2,20.12,69.5,11.0
14,Dharwad,2021,12,13.7,17.89,76.5,18.5
14,Dharwad,2022,1,17.8,19.28,73.8,11.2
14,Dharwad,2022,2,13.3,22.65,82.3,11.6
14,Dharwad,2022,3,25.0,25.58,70.5,20.1
14,Dharwad,2022,4,36.2,28.03,73.2,12.1
14,Dharwad,2022,5,58.3,30.64,84.7,22.1
14,Dharwad,2022,6,138.1,30.31,75.4,11.7
14,Dharwad,2022,7,140.7,29.87,66.8,15.6
14,Dharwad,2022,8,147.5,28.99,79.1,15.0
14,Dharwad,2022,9,93.2,24.58,54.3,16.1
14,Dharwad,2022,10,76.5,21.14,82.6,16.1
14,Dharwad,2022,11,37.7,20.12,49.9,14.7
14,Dharwad,2022,12,16.9,18.16,71.2,16.4
14,Dharwad,2023,1,17.2,20.43,65.1,20.5
14,Dharwad,2023,2,14.2,21.64,79.1,24.7
14,Dharwad,2023,3,19.6,25.44,71.5,22.5
14,Dharwad,2023,4,27.1,27.87,77.1,23.2
14,Dharwad,2023,5,46.7,30.34,73.7,14.4
14,Dharwad,2023,6,98.7,31.47,83.6,15.0
14,Dharwad,2023,7,158.9,29.34,74.5,24.5
14,Dharwad,2023,8,172.5,27.81,55.5,24.5
14,Dharwad,2023,9,104.3,25.51,84.7,19.7
14,Dharwad,2023,10,78.5,21.91,80.9,24.1
14,Dharwad,2023,11,41.3,19.01,59.5,16.2
14,Dharwad,2023,12,19.4,18.82,75.6,11.7
14,Dharwad,2024,1,13.3,21.02,51.9,24.6
14,Dharwad,2024,2,15.0,23.22,85.2,19.8
14,Dharwad,2024,3,25.4,25.32,74.6,22.7
14,Dharwad,2024,4,32.2,28.27,67.6,17.8
14,Dharwad,2024,5,66.4,30.09,63.7,10.4
14,Dharwad,2024,6,124.6,31.66,65.2,14.2
14,Dharwad,2024,7,118.3,30.93,82.2,18.3
14,Dharwad,2024,8,126.9,28.02,47.9,22.0
14,Dharwad,2024,9,98.4,24.65,63.2,23.3
14,Dharwad,2024,10,98.1,22.31,86.1,18.3
14,Dharwad,2024,11,38.2,19.56,52.3,19.0
14,Dharwad,2024,12,14.0,19.42,55.8,24.2
15,Kolkata (24 Pgs),2015,1,31.1,20.77,62.7,18.4
15,Kolkata (24 Pgs),2015,2,29.6,24.36,49.8,19.3
15,Kolkata (24 Pgs),2015,3,68.5,27.56,51.1,22.5
15,Kolkata (24 Pgs),2015,4,74.9,30.44,73.9,10.6
15,Kolkata (24 Pgs),2015,5,104.1,31.25,55.4,11.7
15,Kolkata (24 Pgs),2015,6,324.3,32.93,53.2,10.1
15,Kolkata (24 Pgs),2015,7,234.6,33.1,67.7,21.2
15,Kolkata (24 Pgs),2015,8,260.7,30.76,72.4,19.7
15,Kolkata (24 Pgs),2015,9,220.5,27.19,51.6,20.2
15,Kolkata (24 Pgs),2015,10,136.9,22.09,56.0,23.0
15,Kolkata (24 Pgs),2015,11,115.4,21.14,85.4,16.8
15,Kolkata (24 Pgs),2015,12,31.0,20.99,87.5,22.0
15,Kolkata (24 Pgs),2016,1,35.8,22.2,46.0,13.9
15,Kolkata (24 Pgs),2016,2,42.3,24.77,61.3,18.0
15,Kolkata (24 Pgs),2016,3,51.6,25.47,51.3,16.6
15,Kolkata (24 Pgs),2016,4,60.3,30.3,47.0,23.1
15,Kolkata (24 Pgs),2016,5,128.5,31.94,74.7,19.7
15,Kolkata (24 Pgs),2016,6,212.3,32.73,47.3,14.5
15,Kolkata (24 Pgs),2016,7,255.4,31.85,55.0,21.2
15,Kolkata (24 Pgs),2016,8,297.7,30.18,77.8,19.6
15,Kolkata (24 Pgs),2016,9,194.7,26.97,70.7,20.3
15,Kolkata (24 Pgs),2016,10,151.0,24.56,72.0,12.9
15,Kolkata (24 Pgs),2016,11,83.2,22.18,58.6,23.6
15,Kolkata (24 Pgs),2016,12,35.5,20.99,68.3,10.1
15,Kolkata (24 Pgs),2017,1,35.4,22.84,56.7,15.9
15,Kolkata (24 Pgs),2017,2,31.0,24.32,89.5,10.9
15,Kolkata (24 Pgs),2017,3,43.4,27.0,75.8,13.7
15,Kolkata (24 Pgs),2017,4,86.9,30.64,87.7,24.7
15,Kolkata (24 Pgs),2017,5,136.1,33.88,53.4,17.4
15,Kolkata (24 Pgs),2017,6,220.2,32.85,57.5,24.9
15,Kolkata (24 Pgs),2017,7,285.3,32.58,65.6,20.3
15,Kolkata (24 Pgs),2017,8,236.6,30.64,60.7,24.8
15,Kolkata (24 Pgs),2017,9,215.1,27.52,80.0,20.1
15,Kolkata (24 Pgs),2017,10,182.0,24.24,72.4,21.7
15,Kolkata (24 Pgs),2017,11,118.2,21.9,80.1,13.8
15,Kolkata (24 Pgs),2017,12,35.8,21.14,59.7,10.2
15,Kolkata (24 Pgs),2018,1,33.3,20.46,51.7,15.4
15,Kolkata (24 Pgs),2018,2,37.9,23.78,69.7,13.2
15,Kolkata (24 Pgs),2018,3,71.6,27.75,50.8,10.6
15,Kolkata (24 Pgs),2018,4,62.4,29.21,50.9,21.8
15,Kolkata (24 Pgs),2018,5,96.7,32.05,53.8,10.8
15,Kolkata (24 Pgs),2018,6,251.0,33.85,67.2,20.9
15,Kolkata (24 Pgs),2018,7,317.3,32.63,89.6,15.4
15,Kolkata (24 Pgs),2018,8,299.1,31.35,68.9,15.7
15,Kolkata (24 Pgs),2018,9,382.3,27.55,69.2,15.0
15,Kolkata (24 Pgs),2018,10,184.4,24.19,74.7,12.6
15,Kolkata (24 Pgs),2018,11,119.6,22.16,76.2,22.8
15,Kolkata (24 Pgs),2018,12,33.8,22.3,63.6,21.8
15,Kolkata (24 Pgs),2019,1,49.6,23.41,57.1,12.5
15,Kolkata (24 Pgs),2019,2,34.0,25.23,49.6,14.0
15,Kolkata (24 Pgs),2019,3,61.8,26.75,80.9,24.8
15,Kolkata (24 Pgs),2019,4,66.5,29.18,88.6,20.2
15,Kolkata (24 Pgs),2019,5,125.7,31.77,65.2,22.0
15,Kolkata (24 Pgs),2019,6,192.7,31.65,52.1,24.4
15,Kolkata (24 Pgs),2019,7,323.3,33.68,72.7,19.9
15,Kolkata (24 Pgs),2019,8,258.5,30.05,83.5,15.0
15,Kolkata (24 Pgs),2019,9,238.7,25.35,66.5,19.0
15,Kolkata (24 Pgs),2019,10,180.9,24.03,57.6,11.9
15,Kolkata (24 Pgs),2019,11,97.2,21.72,46.1,21.8
15,Kolkata (24 Pgs),2019,12,32.7,22.07,89.6,18.8
15,Kolkata (24 Pgs),2020,1,29.1,21.23,83.9,21.9
15,Kolkata (24 Pgs),2020,2,33.4,24.26,63.0,19.6
15,Kolkata (24 Pgs),2020,3,29.2,27.2,77.5,24.4
15,Kolkata (24 Pgs),2020,4,70.4,29.3,70.0,11.4
15,Kolkata (24 Pgs),2020,5,104.5,33.5,74.2,21.0
15,Kolkata (24 Pgs),2020,6,240.8,32.66,51.2,12.2
15,Kolkata (24 Pgs),2020,7,361.7,31.79,81.4,18.9
15,Kolkata (24 Pgs),2020,8,280.4,30.58,51.7,12.0
15,Kolkata (24 Pgs),2020,9,296.6,26.97,84.7,24.4
15,Kolkata (24 Pgs),2020,10,182.1,23.22,62.4,22.8
15,Kolkata (24 Pgs),2020,11,69.9,22.53,49.1,16.1
15,Kolkata (24 Pgs),2020,12,37.3,21.67,84.4,10.2
15,Kolkata (24 Pgs),2021,1,35.4,21.69,84.6,20.4
15,Kolkata (24 Pgs),2021,2,37.2,25.12,73.5,10.4
15,Kolkata (24 Pgs),2021,3,33.8,26.14,80.0,10.5
15,Kolkata (24 Pgs),2021,4,81.9,30.2,56.0,15.9
15,Kolkata (24 Pgs),2021,5,103.7,32.12,59.4,12.6
15,Kolkata (24 Pgs),2021,6,262.8,32.86,60.5,24.2
15,Kolkata (24 Pgs),2021,7,395.9,33.38,64.9,13.5
15,Kolkata (24 Pgs),2021,8,256.0,31.18,63.3,16.5
15,Kolkata (24 Pgs),2021,9,266.3,26.84,84.0,21.2
15,Kolkata (24 Pgs),2021,10,167.6,24.29,60.5,16.6
15,Kolkata (24 Pgs),2021,11,83.6,23.14,62.1,15.3
15,Kolkata (24 Pgs),2021,12,51.8,20.96,88.3,22.1
15,Kolkata (24 Pgs),2022,1,45.6,22.31,64.7,24.0
15,Kolkata (24 Pgs),2022,2,37.1,24.14,80.4,20.4
15,Kolkata (24 Pgs),2022,3,63.2,26.81,52.1,14.4
15,Kolkata (24 Pgs),2022,4,74.6,29.21,66.4,15.6
15,Kolkata (24 Pgs),2022,5,161.8,32.43,72.8,13.7
15,Kolkata (24 Pgs),2022,6,279.3,32.7,61.6,12.5
15,Kolkata (24 Pgs),2022,7,338.3,32.17,69.0,23.0
15,Kolkata (24 Pgs),2022,8,319.0,29.71,58.4,11.2
15,Kolkata (24 Pgs),2022,9,299.2,26.85,73.1,18.0
15,Kolkata (24 Pgs),2022,10,216.1,23.06,71.9,21.2
15,Kolkata (24 Pgs),2022,11,102.6,22.3,62.4,23.2
15,Kolkata (24 Pgs),2022,12,39.9,19.09,64.3,24.0
15,Kolkata (24 Pgs),2023,1,48.5,21.0,73.9,23.1
15,Kolkata (24 Pgs),2023,2,47.6,24.57,45.4,20.6
15,Kolkata (24 Pgs),2023,3,68.3,27.66,46.5,16.7
15,Kolkata (24 Pgs),2023,4,85.7,30.01,88.8,22.7
15,Kolkata (24 Pgs),2023,5,117.1,32.77,81.7,14.5
15,Kolkata (24 Pgs),2023,6,376.6,33.72,77.5,17.9
15,Kolkata (24 Pgs),2023,7,335.1,32.35,48.6,15.0
15,Kolkata (24 Pgs),2023,8,342.9,30.21,65.8,14.3
15,Kolkata (24 Pgs),2023,9,292.5,25.86,47.0,11.7
15,Kolkata (24 Pgs),2023,10,185.3,25.44,58.8,11.0
15,Kolkata (24 Pgs),2023,11,96.4,20.89,62.7,11.3
15,Kolkata (24 Pgs),2023,12,31.9,21.93,82.6,23.9
15,Kolkata (24 Pgs),2024,1,37.3,22.44,82.6,22.9
15,Kolkata (24 Pgs),2024,2,41.2,23.91,53.8,19.0
15,Kolkata (24 Pgs),2024,3,47.6,26.98,60.6,13.2
15,Kolkata (24 Pgs),2024,4,82.3,29.41,78.4,11.9
15,Kolkata (24 Pgs),2024,5,165.9,32.11,60.1,17.0
15,Kolkata (24 Pgs),2024,6,359.0,33.77,46.1,11.4
15,Kolkata (24 Pgs),2024,7,358.9,32.15,64.1,19.9
15,Kolkata (24 Pgs),2024,8,321.6,31.59,72.0,16.9
15,Kolkata (24 Pgs),2024,9,279.8,28.73,59.1,17.8
15,Kolkata (24 Pgs),2024,10,214.1,24.9,77.8,13.0
15,Kolkata (24 Pgs),2024,11,109.8,22.04,89.3,15.5
15,Kolkata (24 Pgs),2024,12,29.7,21.78,83.1,12.3
